classe_num,ndevoir_w33,avg_note_w33,log_w33,logMonday_w33,logSunday_w33,logWed_w33,logThursday_w33,diffDaysWeek,logResource_w33,logCore_w33,logViewed_w33,logviewedCore_w33,logviewedResource_w33,logviewedTargetCourse_w33,logviewedTargetCourseModule_w33,progress_dvr,progress_log,totalDevoir,bourse,redoublant
1,5,15.8,9,0,0,0,0,0,0,9,9,9,0,9,0,0,0,6,0,0
1,4,18.25,0,0,0,0,0,0,0,0,0,0,0,0,0,0,0,4,0,0
1,4,19.25,210,0,0,40,120,0,100,110,210,110,100,110,100,0,0,6,0,0
1,4,18.25,414,117,279,9,9,0,342,72,414,72,342,72,342,0,0,4,0,0
1,5,19.8,0,0,0,0,0,0,0,0,0,0,0,0,0,0,0,6,1,0
1,4,14.75,0,0,0,0,0,0,0,0,0,0,0,0,0,0,0,5,0,0
1,5,17,72,0,0,0,36,0,18,54,72,54,18,54,18,0,0,6,0,0
0,4,12,0,0,0,0,0,0,0,0,0,0,0,0,0,0,0,4,0,0
1,4,19,11,0,0,0,11,0,0,11,11,11,0,11,0,0,0,6,0,0
1,5,17.4,0,0,0,0,0,0,0,0,0,0,0,0,0,0,0,6,0,0
0,5,10,0,0,0,0,0,0,0,0,0,0,0,0,0,0,0,6,1,0
1,5,15.2,0,0,0,0,0,0,0,0,0,0,0,0,0,0,0,5,0,0
1,4,16.75,351,126,0,0,153,0,81,261,351,261,81,261,90,0,0,5,0,0
1,4,16.25,0,0,0,0,0,0,0,0,0,0,0,0,0,0,0,5,0,0
1,5,18,288,0,90,162,0,0,81,198,288,198,81,198,90,0,0,6,0,0
1,4,15.25,0,0,0,0,0,0,0,0,0,0,0,0,0,0,0,4,0,0
1,5,18.8,882,144,0,279,72,0,216,531,810,522,216,522,288,0,0,6,0,0
1,5,17.4,30,0,0,10,0,0,0,30,30,30,0,30,0,0,0,5,0,0
1,5,17.4,441,36,0,63,0,0,108,288,423,288,108,288,135,0,0,6,0,0
1,4,17.75,198,0,90,0,0,0,63,135,198,135,63,135,63,0,0,5,0,0
1,3,15.3333,0,0,0,0,0,0,0,0,0,0,0,0,0,0,0,4,1,0
1,5,31.2,0,0,0,0,0,0,0,0,0,0,0,0,0,0,0,6,0,0
1,3,15.6667,0,0,0,0,0,0,0,0,0,0,0,0,0,1,0,3,0,0
1,4,16.5,0,0,0,0,0,0,0,0,0,0,0,0,0,1,0,4,0,0
1,6,19.5,324,81,0,18,180,0,81,225,324,225,81,225,99,0,0,6,1,0
1,5,17.2,630,0,30,220,40,0,140,490,630,490,140,490,140,0,0,6,0,0
1,5,17,0,0,0,0,0,0,0,0,0,0,0,0,0,0,0,5,1,0
1,5,17,576,504,0,0,63,0,297,270,576,270,297,270,306,1,0,6,0,0
1,3,16,0,0,0,0,0,0,0,0,0,0,0,0,0,0,0,3,0,0
1,5,12.2,40,0,40,0,0,0,10,30,40,30,10,30,10,0,0,5,0,0
1,1,20,0,0,0,0,0,0,0,0,0,0,0,0,0,0,0,6,0,0
1,4,13.5,0,0,0,0,0,0,0,0,0,0,0,0,0,0,0,5,1,0
1,5,18,0,0,0,0,0,0,0,0,0,0,0,0,0,0,0,6,0,0
1,5,15,0,0,0,0,0,0,0,0,0,0,0,0,0,0,0,6,1,0
1,5,16,0,0,0,0,0,0,0,0,0,0,0,0,0,0,0,6,1,0
1,3,16.3333,108,0,0,72,0,0,36,72,108,72,36,72,36,0,0,4,0,0
1,4,16,0,0,0,0,0,0,0,0,0,0,0,0,0,0,0,5,0,1
1,4,15.75,0,0,0,0,0,0,0,0,0,0,0,0,0,1,0,4,1,0
1,4,14.5,670,0,0,320,120,0,190,480,670,480,190,290,190,0,0,4,0,0
1,3,17.3333,198,44,44,110,0,0,66,132,198,132,66,132,66,0,0,3,0,0
1,3,14.6667,0,0,0,0,0,0,0,0,0,0,0,0,0,0,0,4,0,0
1,5,14.2,0,0,0,0,0,0,0,0,0,0,0,0,0,0,0,5,0,1
1,2,19,0,0,0,0,0,0,0,0,0,0,0,0,0,0,0,5,0,0
1,4,18,0,0,0,0,0,0,0,0,0,0,0,0,0,0,0,4,0,0
1,5,30.6,0,0,0,0,0,0,0,0,0,0,0,0,0,0,0,6,0,0
1,5,15.6,0,0,0,0,0,0,0,0,0,0,0,0,0,0,0,5,1,0
1,4,16,370,0,130,0,0,0,170,200,370,200,170,200,170,0,0,6,0,0
1,5,16.8,88,44,0,0,0,0,11,55,88,55,11,55,33,0,0,6,1,0
0,5,12.2,0,0,0,0,0,0,0,0,0,0,0,0,0,0,0,6,1,1
1,5,17.6,315,0,0,27,27,0,90,225,315,225,90,225,90,0,0,6,1,0
1,4,19,0,0,0,0,0,0,0,0,0,0,0,0,0,0,0,6,1,0
1,5,18.6,0,0,0,0,0,0,0,0,0,0,0,0,0,0,0,5,0,0
1,4,18.25,414,0,45,0,279,0,117,297,414,297,117,297,117,0,0,4,0,0
1,5,17,0,0,0,0,0,0,0,0,0,0,0,0,0,0,0,6,1,0
-1,5,5.6,0,0,0,0,0,0,0,0,0,0,0,0,0,0,0,6,0,1
1,4,16.75,330,150,10,0,0,0,120,190,330,190,120,190,140,0,0,5,0,0
1,3,19,243,171,0,0,0,0,54,153,234,153,54,153,81,0,0,6,0,0
1,5,15,72,0,0,0,0,0,9,63,72,63,9,63,9,1,0,6,1,0
1,4,16.75,0,0,0,0,0,0,0,0,0,0,0,0,0,0,0,5,0,0
1,4,18.25,190,80,0,0,30,0,40,150,190,150,40,150,40,0,0,6,0,0
1,4,16.75,1395,54,135,36,918,0,414,900,1377,900,414,900,477,0,0,5,0,0
1,5,18.4,50,30,0,10,0,0,0,50,50,50,0,50,0,0,0,6,0,0
1,4,18,0,0,0,0,0,0,0,0,0,0,0,0,0,0,0,6,0,0
0,3,11.6667,0,0,0,0,0,0,0,0,0,0,0,0,0,0,0,3,1,0
1,3,19,783,0,0,0,468,0,9,486,621,459,9,459,162,0,0,4,0,0
1,5,18,0,0,0,0,0,0,0,0,0,0,0,0,0,0,0,6,0,0
1,5,15,44,33,0,11,0,0,0,44,44,44,0,22,0,0,0,6,0,0
1,3,14.3333,0,0,0,0,0,0,0,0,0,0,0,0,0,0,0,4,0,0
0,3,9,0,0,0,0,0,0,0,0,0,0,0,0,0,0,0,4,0,0
1,3,13.6667,0,0,0,0,0,0,0,0,0,0,0,0,0,0,0,4,0,0
1,3,14.6667,0,0,0,0,0,0,0,0,0,0,0,0,0,0,0,5,0,1
-1,1,6,0,0,0,0,0,0,0,0,0,0,0,0,0,0,0,1,0,1
0,3,8.66667,0,0,0,0,0,0,0,0,0,0,0,0,0,0,0,3,0,0
1,3,15.3333,72,0,72,0,0,0,27,45,72,45,27,45,27,0,0,4,0,0
1,3,35,0,0,0,0,0,0,0,0,0,0,0,0,0,0,0,3,0,0
1,5,17.8,1125,0,0,162,126,0,468,639,1125,639,468,639,486,0,0,6,0,0
1,3,18,490,50,130,60,50,0,220,270,490,270,220,270,220,0,0,5,0,0
1,4,17.25,0,0,0,0,0,0,0,0,0,0,0,0,0,0,0,6,1,0
-1,1,6,0,0,0,0,0,0,0,0,0,0,0,0,0,0,0,1,0,0
1,4,19.25,0,0,0,0,0,0,0,0,0,0,0,0,0,0,0,5,0,0
1,4,15.25,0,0,0,0,0,0,0,0,0,0,0,0,0,0,0,6,0,0
1,5,17.4,410,100,0,0,180,0,130,260,400,260,130,260,140,0,0,6,1,0
1,5,18.8,0,0,0,0,0,0,0,0,0,0,0,0,0,0,0,6,0,0
1,5,16.2,117,27,0,0,0,0,36,81,117,81,36,81,36,0,0,6,0,0
1,2,12,0,0,0,0,0,0,0,0,0,0,0,0,0,0,0,3,0,0
1,3,18,558,495,0,9,0,0,261,297,558,297,261,297,261,0,0,4,0,0
1,5,18.4,0,0,0,0,0,0,0,0,0,0,0,0,0,0,0,6,0,0
1,5,13,0,0,0,0,0,0,0,0,0,0,0,0,0,0,0,6,0,0
1,4,15.5,0,0,0,0,0,0,0,0,0,0,0,0,0,0,0,6,0,0
1,4,15.75,711,0,99,99,270,0,342,360,711,360,342,360,351,0,0,4,0,0
0,5,11.8,0,0,0,0,0,0,0,0,0,0,0,0,0,0,0,5,0,0
-1,5,6,0,0,0,0,0,0,0,0,0,0,0,0,0,0,0,5,1,1
0,5,11.2,378,0,0,216,81,0,99,279,378,279,99,279,99,0,0,6,0,0
1,5,17.6,0,0,0,0,0,0,0,0,0,0,0,0,0,0,0,6,0,0
1,5,16,99,0,0,0,0,0,45,54,99,54,45,54,45,0,0,6,0,0
1,4,14.25,0,0,0,0,0,0,0,0,0,0,0,0,0,0,0,5,1,0
1,3,17.3333,350,160,10,0,0,0,160,190,350,190,160,190,160,0,0,4,1,0
1,3,15,171,0,81,90,0,0,63,108,171,108,63,108,63,0,0,6,0,0
1,5,15.2,0,0,0,0,0,0,0,0,0,0,0,0,0,0,0,6,0,0
1,5,18.2,0,0,0,0,0,0,0,0,0,0,0,0,0,0,0,5,0,0
1,5,18,1332,513,36,207,234,0,414,882,1332,882,414,882,450,0,0,6,0,0
1,5,19.4,0,0,0,0,0,0,0,0,0,0,0,0,0,0,0,6,0,0
1,4,16,10,0,0,0,10,0,0,10,10,10,0,10,0,0,0,4,0,0
1,1,16,0,0,0,0,0,0,0,0,0,0,0,0,0,0,0,1,0,0
1,4,14,0,0,0,0,0,0,0,0,0,0,0,0,0,0,0,5,0,0
1,5,19.4,0,0,0,0,0,0,0,0,0,0,0,0,0,0,0,6,0,0
1,5,16.6,117,0,0,0,72,0,18,90,117,90,18,90,27,0,0,6,0,0
1,5,15.4,603,0,423,0,45,0,117,324,522,315,117,315,207,1,0,6,0,0
1,2,17.5,0,0,0,0,0,0,0,0,0,0,0,0,0,0,0,3,1,1
1,2,17,0,0,0,0,0,0,0,0,0,0,0,0,0,0,0,2,0,0
1,5,13.8,0,0,0,0,0,0,0,0,0,0,0,0,0,1,0,5,0,0
1,5,15.8,0,0,0,0,0,0,0,0,0,0,0,0,0,1,0,5,0,0
1,3,16.3333,0,0,0,0,0,0,0,0,0,0,0,0,0,0,0,3,1,1
1,2,16,0,0,0,0,0,0,0,0,0,0,0,0,0,0,0,3,0,0
1,5,17.8,0,0,0,0,0,0,0,0,0,0,0,0,0,0,0,6,0,0
1,2,15,0,0,0,0,0,0,0,0,0,0,0,0,0,0,0,3,0,0
1,4,12.25,180,36,0,0,54,0,45,135,180,135,45,135,45,0,0,6,0,0
1,4,19,180,0,135,0,0,0,45,126,180,126,45,126,54,1,0,4,0,0
1,2,18.5,0,0,0,0,0,0,0,0,0,0,0,0,0,0,0,4,0,0
1,4,16.75,54,54,0,0,0,0,27,27,54,27,27,27,27,0,0,4,0,0
1,4,16.25,80,0,0,40,40,0,10,70,80,70,10,70,10,1,0,4,0,0
1,4,16.25,160,70,20,40,20,0,30,130,160,130,30,130,30,1,0,4,1,0
1,5,15.6,621,252,0,0,126,0,234,378,621,378,234,378,243,0,0,6,1,0
1,4,18.75,630,36,0,225,99,0,207,414,630,414,207,414,216,0,0,5,0,0
0,4,12.25,0,0,0,0,0,0,0,0,0,0,0,0,0,0,0,5,0,0
1,5,16.2,0,0,0,0,0,0,0,0,0,0,0,0,0,0,0,6,0,0
1,4,18.25,0,0,0,0,0,0,0,0,0,0,0,0,0,0,0,5,0,0
1,4,13,0,0,0,0,0,0,0,0,0,0,0,0,0,0,0,6,0,0
1,5,14.6,0,0,0,0,0,0,0,0,0,0,0,0,0,0,0,6,0,0
1,2,17,0,0,0,0,0,0,0,0,0,0,0,0,0,0,0,2,1,0
1,1,19,0,0,0,0,0,0,0,0,0,0,0,0,0,0,0,1,0,0
1,5,15.2,0,0,0,0,0,0,0,0,0,0,0,0,0,0,0,6,0,0
1,3,17,117,9,0,81,0,0,18,99,117,99,18,99,18,0,0,4,0,0
1,4,18.5,0,0,0,0,0,0,0,0,0,0,0,0,0,0,0,4,0,0
1,4,18.75,0,0,0,0,0,0,0,0,0,0,0,0,0,0,0,5,1,0
1,6,14.8333,0,0,0,0,0,0,0,0,0,0,0,0,0,1,0,6,0,0
1,6,12.8333,0,0,0,0,0,0,0,0,0,0,0,0,0,0,0,6,0,1
1,5,15.8,0,0,0,0,0,0,0,0,0,0,0,0,0,0,0,5,1,0
1,4,16.75,0,0,0,0,0,0,0,0,0,0,0,0,0,0,0,6,0,0
1,3,19.3333,0,0,0,0,0,0,0,0,0,0,0,0,0,0,0,4,1,0
1,4,15.25,0,0,0,0,0,0,0,0,0,0,0,0,0,0,0,5,0,0
1,4,18.5,99,44,0,0,0,0,11,88,99,88,11,88,11,0,0,4,1,0
-1,1,6,68,0,0,0,0,0,17,51,68,51,17,51,17,0,0,1,1,1
1,4,17.5,207,0,81,0,72,0,72,135,207,135,72,135,72,0,0,4,1,0
1,4,17.5,234,0,0,36,72,0,72,162,234,162,72,162,72,0,0,4,0,0
1,6,17.1667,0,0,0,0,0,0,0,0,0,0,0,0,0,0,0,6,0,0
0,5,11.4,0,0,0,0,0,0,0,0,0,0,0,0,0,0,0,6,1,0
1,5,19.6,0,0,0,0,0,0,0,0,0,0,0,0,0,0,0,6,0,0
1,5,15.4,1980,198,0,450,252,0,792,1134,1962,1134,792,1134,828,0,0,6,0,0
1,3,15,0,0,0,0,0,0,0,0,0,0,0,0,0,0,0,3,0,0
1,3,16.3333,315,0,72,27,90,0,54,261,315,261,54,261,54,0,0,6,1,0
1,5,14.4,190,0,0,0,0,0,60,130,190,130,60,130,60,1,0,6,1,0
-1,1,11,1445,102,0,493,255,0,221,1173,1428,1173,221,1173,255,0,0,2,1,1
1,4,18.75,210,0,0,0,0,0,10,150,210,150,10,150,60,0,0,5,1,0
1,5,18.4,0,0,0,0,0,0,0,0,0,0,0,0,0,0,0,6,0,0
1,3,15.6667,0,0,0,0,0,0,0,0,0,0,0,0,0,0,0,4,0,0
1,4,18,0,0,0,0,0,0,0,0,0,0,0,0,0,0,0,5,0,0
1,5,14.4,0,0,0,0,0,0,0,0,0,0,0,0,0,0,0,6,0,0
1,4,13.75,0,0,0,0,0,0,0,0,0,0,0,0,0,1,0,6,1,0
1,4,17,0,0,0,0,0,0,0,0,0,0,0,0,0,0,0,4,1,0
1,5,18.2,0,0,0,0,0,0,0,0,0,0,0,0,0,0,0,5,0,0
1,3,15,72,0,0,0,0,0,0,72,72,72,0,72,0,0,0,3,0,0
1,5,17,0,0,0,0,0,0,0,0,0,0,0,0,0,0,0,6,1,0
1,5,14.8,648,9,90,144,144,0,207,432,648,432,207,432,216,1,0,5,0,0
1,5,12.6,0,0,0,0,0,0,0,0,0,0,0,0,0,1,0,6,1,0
1,2,19.5,0,0,0,0,0,0,0,0,0,0,0,0,0,0,0,3,0,0
1,3,14,0,0,0,0,0,0,0,0,0,0,0,0,0,0,0,3,1,0
1,2,14,50,0,0,0,0,0,30,20,50,20,30,20,30,0,0,3,0,0
1,3,12.6667,0,0,0,0,0,0,0,0,0,0,0,0,0,0,0,6,0,0
1,4,17.25,0,0,0,0,0,0,0,0,0,0,0,0,0,0,0,4,0,0
1,4,16,0,0,0,0,0,0,0,0,0,0,0,0,0,0,0,4,0,0
-1,1,5,0,0,0,0,0,0,0,0,0,0,0,0,0,0,0,1,0,0
1,4,17.25,0,0,0,0,0,0,0,0,0,0,0,0,0,0,0,4,0,0
1,5,17.2,0,0,0,0,0,0,0,0,0,0,0,0,0,0,0,6,1,0
1,3,16,0,0,0,0,0,0,0,0,0,0,0,0,0,0,0,4,1,0
1,4,12,0,0,0,0,0,0,0,0,0,0,0,0,0,0,0,6,1,0
0,5,10,0,0,0,0,0,0,0,0,0,0,0,0,0,0,0,6,1,0
1,4,19.25,135,81,0,0,0,0,36,99,135,99,36,99,36,0,0,5,1,0
1,4,17,0,0,0,0,0,0,0,0,0,0,0,0,0,0,0,6,0,0
1,5,18,0,0,0,0,0,0,0,0,0,0,0,0,0,0,0,6,0,0
-1,1,3,0,0,0,0,0,0,0,0,0,0,0,0,0,0,0,1,1,1
1,3,18.3333,0,0,0,0,0,0,0,0,0,0,0,0,0,0,0,4,0,0
1,3,17.6667,0,0,0,0,0,0,0,0,0,0,0,0,0,0,0,5,0,0
1,5,18.2,0,0,0,0,0,0,0,0,0,0,0,0,0,1,0,5,0,0
1,4,17.25,90,90,0,0,0,0,30,60,90,60,30,60,30,0,0,5,1,0
0,2,8.5,0,0,0,0,0,0,0,0,0,0,0,0,0,0,0,2,0,0
1,4,17.25,0,0,0,0,0,0,0,0,0,0,0,0,0,0,0,4,0,0
1,3,13.6667,0,0,0,0,0,0,0,0,0,0,0,0,0,0,0,4,0,0
1,5,18.2,0,0,0,0,0,0,0,0,0,0,0,0,0,1,0,6,0,0
1,1,14,63,0,45,0,9,0,18,45,63,45,18,45,18,0,0,2,0,0
1,3,18.6667,189,0,0,0,189,0,81,108,189,108,81,108,81,0,0,3,0,0
1,5,17.8,1836,207,63,288,162,0,306,981,1530,927,306,927,603,0,0,6,0,0
1,5,12.6,0,0,0,0,0,0,0,0,0,0,0,0,0,0,0,6,1,0
1,3,18,0,0,0,0,0,0,0,0,0,0,0,0,0,0,0,4,0,0
1,2,16,0,0,0,0,0,0,0,0,0,0,0,0,0,0,0,4,1,0
1,3,15.6667,0,0,0,0,0,0,0,0,0,0,0,0,0,0,0,3,1,0
1,4,15.5,0,0,0,0,0,0,0,0,0,0,0,0,0,0,0,6,0,0
1,5,17.2,0,0,0,0,0,0,0,0,0,0,0,0,0,0,0,6,1,0
-1,4,8,0,0,0,0,0,0,0,0,0,0,0,0,0,0,0,6,0,0
1,2,18,306,126,36,0,0,0,63,243,306,243,63,243,63,0,0,4,0,0
1,3,13.6667,0,0,0,0,0,0,0,0,0,0,0,0,0,0,0,3,1,0
1,4,17,0,0,0,0,0,0,0,0,0,0,0,0,0,0,0,4,0,0
1,5,18.4,63,0,63,0,0,0,18,45,63,45,18,45,18,0,0,6,0,0
1,4,17.5,0,0,0,0,0,0,0,0,0,0,0,0,0,0,0,4,0,0
1,5,19,50,50,0,0,0,0,10,40,50,40,10,40,10,0,0,6,0,0
0,5,12.8,0,0,0,0,0,0,0,0,0,0,0,0,0,0,0,6,0,0
1,3,16,0,0,0,0,0,0,0,0,0,0,0,0,0,1,0,3,0,0
1,5,18.6,72,12,0,60,0,0,24,48,72,48,24,48,24,0,0,6,0,0
1,5,15.6,0,0,0,0,0,0,0,0,0,0,0,0,0,0,0,6,0,0
1,5,19,0,0,0,0,0,0,0,0,0,0,0,0,0,0,0,6,0,0
1,3,19,270,0,40,0,0,0,70,160,250,160,70,160,90,0,0,4,0,0
1,3,18.3333,0,0,0,0,0,0,0,0,0,0,0,0,0,0,0,4,0,0
0,1,11,0,0,0,0,0,0,0,0,0,0,0,0,0,0,0,1,0,0
1,3,15,0,0,0,0,0,0,0,0,0,0,0,0,0,0,0,3,0,0
1,3,17,340,80,0,30,230,0,80,250,340,250,80,250,90,1,0,3,0,0
1,4,18.5,0,0,0,0,0,0,0,0,0,0,0,0,0,0,0,4,0,1
1,5,16.8,90,90,0,0,0,0,40,50,90,50,40,50,40,0,0,5,0,0
1,5,19,0,0,0,0,0,0,0,0,0,0,0,0,0,1,0,5,0,0
1,4,15,0,0,0,0,0,0,0,0,0,0,0,0,0,0,0,6,0,0
1,5,17.8,0,0,0,0,0,0,0,0,0,0,0,0,0,0,0,5,0,0
1,3,16.3333,0,0,0,0,0,0,0,0,0,0,0,0,0,0,0,3,0,0
1,4,14.75,0,0,0,0,0,0,0,0,0,0,0,0,0,0,0,5,0,0
1,1,15,0,0,0,0,0,0,0,0,0,0,0,0,0,0,0,1,0,0
1,5,13.4,0,0,0,0,0,0,0,0,0,0,0,0,0,0,0,6,0,0
1,1,15,80,0,0,0,0,0,20,60,80,60,20,60,20,0,0,3,1,0
1,4,14.5,288,108,9,45,36,0,99,189,288,189,99,189,99,0,0,4,0,0
1,4,16.75,0,0,0,0,0,0,0,0,0,0,0,0,0,0,0,5,1,0
1,2,17.5,0,0,0,0,0,0,0,0,0,0,0,0,0,0,0,6,0,0
1,4,18.25,0,0,0,0,0,0,0,0,0,0,0,0,0,0,0,4,1,0
1,4,16.5,0,0,0,0,0,0,0,0,0,0,0,0,0,0,0,4,0,0
1,1,15,0,0,0,0,0,0,0,0,0,0,0,0,0,0,0,1,0,0
1,2,15,0,0,0,0,0,0,0,0,0,0,0,0,0,0,0,2,0,0
1,3,14,0,0,0,0,0,0,0,0,0,0,0,0,0,0,0,4,1,0
0,4,10.5,0,0,0,0,0,0,0,0,0,0,0,0,0,1,0,4,0,0
-1,1,2,0,0,0,0,0,0,0,0,0,0,0,0,0,0,0,1,1,0
1,5,17,0,0,0,0,0,0,0,0,0,0,0,0,0,0,0,6,0,0
1,3,18.3333,153,54,0,0,0,0,54,99,153,99,54,99,54,0,0,3,0,0
0,5,11.8,0,0,0,0,0,0,0,0,0,0,0,0,0,0,0,5,0,0
1,2,14,1395,207,0,45,549,0,504,864,1386,864,504,864,522,0,0,2,0,0
1,5,17.6,120,0,0,80,0,0,20,100,120,100,20,100,20,0,0,5,0,0
-1,1,5,0,0,0,0,0,0,0,0,0,0,0,0,0,0,0,1,1,1
1,3,13,0,0,0,0,0,0,0,0,0,0,0,0,0,0,0,3,1,0
1,4,14.75,50,50,0,0,0,0,10,40,50,40,10,40,10,0,0,4,0,0
1,3,16.6667,0,0,0,0,0,0,0,0,0,0,0,0,0,0,0,3,0,0
1,3,18.3333,90,0,0,36,54,0,18,72,90,72,18,72,18,0,0,3,0,0
1,2,19,0,0,0,0,0,0,0,0,0,0,0,0,0,1,0,3,0,0
1,4,12.75,0,0,0,0,0,0,0,0,0,0,0,0,0,0,0,4,0,0
1,2,18,126,126,0,0,0,0,27,99,126,99,27,99,27,0,0,3,1,0
1,2,18,126,72,0,0,0,0,27,99,126,99,27,99,27,0,0,3,0,0
1,4,18.25,450,0,0,70,50,0,120,310,450,310,120,310,140,0,0,4,0,0
1,5,16,0,0,0,0,0,0,0,0,0,0,0,0,0,0,0,6,1,1
-1,4,8,0,0,0,0,0,0,0,0,0,0,0,0,0,0,0,6,1,0
1,3,17.3333,0,0,0,0,0,0,0,0,0,0,0,0,0,0,0,3,0,1
1,4,18.5,36,0,36,0,0,0,9,27,36,27,9,27,9,0,0,5,0,0
1,5,13.8,279,36,54,0,36,0,99,171,279,171,99,171,108,1,0,6,0,0
1,2,14,0,0,0,0,0,0,0,0,0,0,0,0,0,0,0,3,0,1
1,6,14.8333,0,0,0,0,0,0,0,0,0,0,0,0,0,0,0,6,0,0
-1,4,7.5,0,0,0,0,0,0,0,0,0,0,0,0,0,0,0,5,1,0
1,3,17,0,0,0,0,0,0,0,0,0,0,0,0,0,0,0,3,0,0
1,4,18.5,0,0,0,0,0,0,0,0,0,0,0,0,0,0,0,6,0,0
1,4,18.25,0,0,0,0,0,0,0,0,0,0,0,0,0,0,0,4,0,0
-1,6,6.16667,0,0,0,0,0,0,0,0,0,0,0,0,0,0,0,6,1,0
1,2,14,0,0,0,0,0,0,0,0,0,0,0,0,0,0,0,2,1,0
1,6,16.5,700,0,0,80,180,0,70,440,560,410,70,410,150,0,0,6,1,0
1,4,15.75,0,0,0,0,0,0,0,0,0,0,0,0,0,1,0,4,0,0
1,6,12.8333,0,0,0,0,0,0,0,0,0,0,0,0,0,0,0,6,1,0
1,3,16.6667,0,0,0,0,0,0,0,0,0,0,0,0,0,0,0,3,0,0
1,5,14.8,0,0,0,0,0,0,0,0,0,0,0,0,0,0,0,6,0,0
1,5,19.8,280,0,0,60,150,0,90,190,280,190,90,190,90,0,0,5,0,0
1,5,17,0,0,0,0,0,0,0,0,0,0,0,0,0,0,0,6,0,0
1,5,17.2,0,0,0,0,0,0,0,0,0,0,0,0,0,0,0,6,0,0
0,3,10,0,0,0,0,0,0,0,0,0,0,0,0,0,0,0,3,1,0
1,4,14.75,0,0,0,0,0,0,0,0,0,0,0,0,0,0,0,4,0,0
1,3,17,0,0,0,0,0,0,0,0,0,0,0,0,0,0,0,3,1,0
1,6,17,171,0,0,117,0,0,81,90,171,90,81,90,81,0,0,6,0,0
1,4,16.75,0,0,0,0,0,0,0,0,0,0,0,0,0,0,0,4,0,0
1,5,19,90,50,0,40,0,0,30,60,90,60,30,60,30,1,0,5,0,0
1,3,13.6667,0,0,0,0,0,0,0,0,0,0,0,0,0,0,0,4,0,0
1,3,18.6667,0,0,0,0,0,0,0,0,0,0,0,0,0,0,0,4,0,0
1,5,18.2,594,63,45,234,9,0,153,378,549,369,153,369,180,0,0,5,1,0
1,3,17.6667,0,0,0,0,0,0,0,0,0,0,0,0,0,0,0,3,0,0
1,6,19,522,36,0,144,9,0,117,297,468,288,117,288,180,0,0,6,0,0
1,5,18.8,0,0,0,0,0,0,0,0,0,0,0,0,0,0,0,5,0,0
1,5,17.2,0,0,0,0,0,0,0,0,0,0,0,0,0,1,0,5,0,0
-1,4,1,0,0,0,0,0,0,0,0,0,0,0,0,0,0,0,4,1,0
1,2,17.5,0,0,0,0,0,0,0,0,0,0,0,0,0,0,0,2,0,0
1,5,14.4,0,0,0,0,0,0,0,0,0,0,0,0,0,0,0,6,0,0
1,2,17,0,0,0,0,0,0,0,0,0,0,0,0,0,0,0,2,1,0
1,1,17,0,0,0,0,0,0,0,0,0,0,0,0,0,0,0,4,0,0
1,4,15.5,0,0,0,0,0,0,0,0,0,0,0,0,0,0,0,6,0,0
1,3,16,135,36,0,54,9,0,45,90,135,90,45,90,45,0,0,3,0,0
1,3,15,0,0,0,0,0,0,0,0,0,0,0,0,0,0,0,3,0,1
1,3,17.6667,0,0,0,0,0,0,0,0,0,0,0,0,0,0,0,6,0,0
1,5,18,1130,70,0,280,310,0,130,610,840,530,130,530,310,0,0,6,0,0
1,3,19,306,108,0,0,36,0,72,171,288,171,72,171,117,0,0,5,0,0
1,4,15.25,0,0,0,0,0,0,0,0,0,0,0,0,0,0,0,5,0,0
1,5,16.4,450,216,0,0,0,0,171,252,450,252,171,252,198,0,0,5,0,0
1,2,50.5,0,0,0,0,0,0,0,0,0,0,0,0,0,1,0,2,1,0
1,4,15.75,50,0,0,0,0,0,20,30,50,30,20,30,20,0,0,4,0,0
1,4,18,80,0,0,0,80,0,20,60,80,60,20,60,20,0,0,6,0,0
1,4,17.75,0,0,0,0,0,0,0,0,0,0,0,0,0,0,0,5,0,0
1,3,16.6667,225,0,72,36,81,0,54,162,225,162,54,162,63,0,0,3,0,0
1,1,17,0,0,0,0,0,0,0,0,0,0,0,0,0,0,0,1,0,0
1,3,17,110,0,0,0,10,0,40,70,110,70,40,70,40,0,0,4,0,0
-1,1,7,0,0,0,0,0,0,0,0,0,0,0,0,0,0,0,1,1,0
1,4,14,693,243,135,126,0,0,207,486,693,486,207,486,207,0,0,4,0,0
0,1,10,0,0,0,0,0,0,0,0,0,0,0,0,0,0,0,1,0,1
1,3,14.3333,0,0,0,0,0,0,0,0,0,0,0,0,0,0,0,3,0,0
1,5,14,639,0,0,126,315,0,234,342,639,342,234,342,297,0,0,6,0,0
1,4,14,0,0,0,0,0,0,0,0,0,0,0,0,0,0,0,5,0,0
-1,5,5,0,0,0,0,0,0,0,0,0,0,0,0,0,0,0,6,1,0
1,4,14.25,0,0,0,0,0,0,0,0,0,0,0,0,0,1,0,4,0,0
0,2,12,0,0,0,0,0,0,0,0,0,0,0,0,0,0,0,2,0,0
1,5,14.8,0,0,0,0,0,0,0,0,0,0,0,0,0,0,0,6,0,0
1,6,13.6667,0,0,0,0,0,0,0,0,0,0,0,0,0,1,0,6,0,0
-1,5,5.2,0,0,0,0,0,0,0,0,0,0,0,0,0,0,0,6,0,0
0,5,9.4,0,0,0,0,0,0,0,0,0,0,0,0,0,0,0,5,1,0
1,5,17.8,414,117,0,0,189,0,117,261,414,261,117,261,153,0,0,5,0,0
1,6,18.5,0,0,0,0,0,0,0,0,0,0,0,0,0,1,0,6,0,0
1,5,14.8,370,10,0,0,230,0,100,250,370,250,100,250,120,0,0,6,0,0
0,1,11,0,0,0,0,0,0,0,0,0,0,0,0,0,0,0,1,1,1
1,6,13.6667,0,0,0,0,0,0,0,0,0,0,0,0,0,0,0,6,0,0
0,2,12,0,0,0,0,0,0,0,0,0,0,0,0,0,1,0,2,0,0
1,4,19,1224,279,81,234,207,0,540,513,1125,495,540,495,630,0,0,4,0,0
1,4,14.75,513,0,45,342,0,0,171,324,504,324,171,324,180,0,0,6,1,0
1,4,19.5,0,0,0,0,0,0,0,0,0,0,0,0,0,0,0,4,0,0
0,2,11.5,0,0,0,0,0,0,0,0,0,0,0,0,0,0,0,2,0,0
1,5,13.8,99,0,0,45,54,0,27,72,99,72,27,72,27,0,0,6,0,0
1,4,17.75,54,27,0,0,0,0,18,36,54,36,18,36,18,0,0,4,0,0
1,2,17.5,0,0,0,0,0,0,0,0,0,0,0,0,0,0,0,2,0,0
1,5,16,850,520,0,0,170,0,130,500,690,470,130,450,220,0,0,5,1,0
0,5,10.4,0,0,0,0,0,0,0,0,0,0,0,0,0,0,0,6,1,0
1,2,12.5,0,0,0,0,0,0,0,0,0,0,0,0,0,0,0,2,0,0
0,5,10.6,0,0,0,0,0,0,0,0,0,0,0,0,0,0,0,5,0,1
1,3,16,0,0,0,0,0,0,0,0,0,0,0,0,0,0,0,4,0,0
1,3,15.6667,0,0,0,0,0,0,0,0,0,0,0,0,0,0,0,3,0,0
1,4,16.25,0,0,0,0,0,0,0,0,0,0,0,0,0,0,0,6,0,0
0,1,11,0,0,0,0,0,0,0,0,0,0,0,0,0,0,0,1,0,0
1,3,14.3333,0,0,0,0,0,0,0,0,0,0,0,0,0,0,0,3,0,0
1,4,18,189,90,0,0,0,0,45,117,162,108,45,108,54,0,0,4,1,0
1,3,17.6667,0,0,0,0,0,0,0,0,0,0,0,0,0,0,0,3,0,0
0,5,11.6,0,0,0,0,0,0,0,0,0,0,0,0,0,0,0,6,1,1
1,5,13.8,0,0,0,0,0,0,0,0,0,0,0,0,0,1,0,6,1,0
1,4,15.75,189,0,0,72,36,0,54,135,189,135,54,135,54,0,0,5,0,0
-1,5,7.2,0,0,0,0,0,0,0,0,0,0,0,0,0,0,0,6,1,0
1,5,17.4,0,0,0,0,0,0,0,0,0,0,0,0,0,0,0,6,0,0
0,3,9.33333,0,0,0,0,0,0,0,0,0,0,0,0,0,0,0,3,0,0
1,3,14,0,0,0,0,0,0,0,0,0,0,0,0,0,0,0,3,0,0
1,6,16.8333,430,0,0,340,0,0,240,150,430,150,240,150,280,0,0,6,0,0
1,3,17.3333,0,0,0,0,0,0,0,0,0,0,0,0,0,0,0,4,0,0
1,2,14,54,54,0,0,0,0,27,27,54,27,27,27,27,0,0,3,0,0
1,5,18.8,0,0,0,0,0,0,0,0,0,0,0,0,0,0,0,5,0,0
1,4,17.25,0,0,0,0,0,0,0,0,0,0,0,0,0,0,0,4,1,0
0,5,11.8,0,0,0,0,0,0,0,0,0,0,0,0,0,0,0,6,1,0
0,4,12.25,0,0,0,0,0,0,0,0,0,0,0,0,0,0,0,5,1,0
-1,3,8.33333,0,0,0,0,0,0,0,0,0,0,0,0,0,0,0,6,1,0
0,5,11.2,36,0,0,0,0,0,9,27,36,27,9,27,9,0,0,6,0,0
0,3,9.66667,0,0,0,0,0,0,0,0,0,0,0,0,0,0,0,3,1,0
1,3,18.3333,63,0,0,54,9,0,27,36,63,36,27,36,27,0,0,3,0,0
1,4,18.25,0,0,0,0,0,0,0,0,0,0,0,0,0,0,0,4,0,0
1,4,17,0,0,0,0,0,0,0,0,0,0,0,0,0,1,0,6,0,0
0,5,10.4,0,0,0,0,0,0,0,0,0,0,0,0,0,0,0,6,1,0
-1,5,7.8,0,0,0,0,0,0,0,0,0,0,0,0,0,0,0,6,0,0
1,3,16.3333,0,0,0,0,0,0,0,0,0,0,0,0,0,0,0,3,0,0
1,5,17.2,0,0,0,0,0,0,0,0,0,0,0,0,0,0,0,5,0,0
1,4,19.5,0,0,0,0,0,0,0,0,0,0,0,0,0,0,0,4,0,0
1,5,16.2,0,0,0,0,0,0,0,0,0,0,0,0,0,1,0,6,0,0
1,5,16.4,387,153,36,9,153,0,90,297,387,297,90,297,90,0,0,6,0,0
1,4,15.5,0,0,0,0,0,0,0,0,0,0,0,0,0,0,0,5,0,0
1,3,17.3333,0,0,0,0,0,0,0,0,0,0,0,0,0,0,0,4,0,0
0,2,11.5,99,0,45,54,0,0,9,72,90,72,9,72,18,0,0,2,0,0
1,3,16.3333,0,0,0,0,0,0,0,0,0,0,0,0,0,0,0,3,0,0
1,4,19,0,0,0,0,0,0,0,0,0,0,0,0,0,0,0,4,1,0
1,3,16,0,0,0,0,0,0,0,0,0,0,0,0,0,0,0,5,0,0
1,2,16.5,300,300,0,0,0,0,130,170,300,170,130,170,130,0,0,3,0,0
1,4,14.5,0,0,0,0,0,0,0,0,0,0,0,0,0,0,0,4,0,1
1,5,18.2,220,0,0,0,110,0,60,150,220,150,60,150,70,0,0,6,1,0
1,5,17.6,830,140,0,60,250,0,330,420,820,420,330,420,400,0,0,6,1,0
1,5,17.2,0,0,0,0,0,0,0,0,0,0,0,0,0,0,0,5,0,0
0,1,9,0,0,0,0,0,0,0,0,0,0,0,0,0,0,0,1,1,0
-1,4,7.75,0,0,0,0,0,0,0,0,0,0,0,0,0,0,0,4,1,0
1,2,17.5,0,0,0,0,0,0,0,0,0,0,0,0,0,0,0,2,0,0
1,4,14.5,0,0,0,0,0,0,0,0,0,0,0,0,0,0,0,5,1,0
1,5,12.6,0,0,0,0,0,0,0,0,0,0,0,0,0,0,0,5,0,0
1,4,18.25,45,0,45,0,0,0,18,27,45,27,18,27,18,0,0,4,0,0
1,6,14.3333,0,0,0,0,0,0,0,0,0,0,0,0,0,0,0,6,0,1
1,4,17.5,0,0,0,0,0,0,0,0,0,0,0,0,0,0,0,4,1,0
1,4,15.75,0,0,0,0,0,0,0,0,0,0,0,0,0,0,0,4,1,0
1,2,17,60,60,0,0,0,0,20,40,60,40,20,30,20,0,0,2,0,1
1,5,17.4,0,0,0,0,0,0,0,0,0,0,0,0,0,0,0,5,0,0
1,5,18,0,0,0,0,0,0,0,0,0,0,0,0,0,0,0,6,0,0
0,2,11.5,0,0,0,0,0,0,0,0,0,0,0,0,0,0,0,2,0,1
1,4,16.25,0,0,0,0,0,0,0,0,0,0,0,0,0,1,0,4,0,0
-1,5,6.4,0,0,0,0,0,0,0,0,0,0,0,0,0,0,0,6,1,0
1,3,14,0,0,0,0,0,0,0,0,0,0,0,0,0,0,0,4,1,0
1,2,12.5,0,0,0,0,0,0,0,0,0,0,0,0,0,0,0,3,1,0
1,3,16,0,0,0,0,0,0,0,0,0,0,0,0,0,0,0,3,0,0
1,5,17.6,253,0,0,55,33,0,88,165,253,165,88,165,88,0,0,6,0,0
1,4,19.75,0,0,0,0,0,0,0,0,0,0,0,0,0,0,0,5,1,1
1,3,12.6667,0,0,0,0,0,0,0,0,0,0,0,0,0,0,0,3,0,0
0,5,10.8,0,0,0,0,0,0,0,0,0,0,0,0,0,0,0,6,0,0
0,3,12,81,0,0,0,36,0,18,63,81,63,18,63,18,0,0,4,0,0
1,2,16,0,0,0,0,0,0,0,0,0,0,0,0,0,0,0,2,0,0
1,3,15,0,0,0,0,0,0,0,0,0,0,0,0,0,0,0,4,1,0
0,4,11.5,0,0,0,0,0,0,0,0,0,0,0,0,0,0,0,4,1,1
1,5,18.8,0,0,0,0,0,0,0,0,0,0,0,0,0,0,0,6,0,0
1,1,17,0,0,0,0,0,0,0,0,0,0,0,0,0,0,0,1,1,1
1,2,15.5,0,0,0,0,0,0,0,0,0,0,0,0,0,0,0,2,1,1
1,4,17.75,0,0,0,0,0,0,0,0,0,0,0,0,0,0,0,4,0,0
1,5,29.2,0,0,0,0,0,0,0,0,0,0,0,0,0,0,0,5,0,0
1,4,14,0,0,0,0,0,0,0,0,0,0,0,0,0,0,0,4,0,0
1,5,18,1179,81,288,0,90,0,216,720,1008,675,216,675,333,0,0,6,0,0
1,5,18.4,0,0,0,0,0,0,0,0,0,0,0,0,0,0,0,6,1,0
0,4,11.25,0,0,0,0,0,0,0,0,0,0,0,0,0,0,0,5,0,0
1,3,14.6667,0,0,0,0,0,0,0,0,0,0,0,0,0,0,0,3,0,1
1,1,15,0,0,0,0,0,0,0,0,0,0,0,0,0,0,0,1,1,0
1,4,16.75,0,0,0,0,0,0,0,0,0,0,0,0,0,0,0,5,0,1
1,4,13.5,0,0,0,0,0,0,0,0,0,0,0,0,0,0,0,4,0,0
1,4,17.25,0,0,0,0,0,0,0,0,0,0,0,0,0,0,0,4,1,0
-1,5,3.2,0,0,0,0,0,0,0,0,0,0,0,0,0,0,0,6,0,0
1,3,16,1020,200,0,110,480,0,180,640,900,620,180,620,280,0,0,3,0,0
1,1,17,0,0,0,0,0,0,0,0,0,0,0,0,0,0,0,1,0,0
1,4,14,0,0,0,0,0,0,0,0,0,0,0,0,0,0,0,4,0,0
1,1,14,0,0,0,0,0,0,0,0,0,0,0,0,0,0,0,1,0,0
1,4,13.25,0,0,0,0,0,0,0,0,0,0,0,0,0,0,0,4,0,1
1,3,11.6667,0,0,0,0,0,0,0,0,0,0,0,0,0,0,0,5,1,0
0,5,10.2,0,0,0,0,0,0,0,0,0,0,0,0,0,0,0,6,0,0
-1,2,3,0,0,0,0,0,0,0,0,0,0,0,0,0,1,0,3,0,0
1,2,16.5,0,0,0,0,0,0,0,0,0,0,0,0,0,0,0,3,0,0
1,4,17.75,0,0,0,0,0,0,0,0,0,0,0,0,0,0,0,6,0,0
1,5,12.2,0,0,0,0,0,0,0,0,0,0,0,0,0,0,0,6,0,0
0,4,12.25,54,0,0,0,54,0,18,36,54,36,18,36,18,0,0,5,0,0
-1,4,4.5,0,0,0,0,0,0,0,0,0,0,0,0,0,0,0,4,0,0
1,6,13.8333,0,0,0,0,0,0,0,0,0,0,0,0,0,0,0,6,1,0
1,5,18.8,567,36,0,531,0,0,270,270,567,270,270,270,297,1,0,6,1,0
1,2,16.5,216,0,36,45,54,0,72,144,216,144,72,144,72,0,0,2,0,0
0,1,12,0,0,0,0,0,0,0,0,0,0,0,0,0,0,0,1,0,0
0,4,10.75,0,0,0,0,0,0,0,0,0,0,0,0,0,0,0,4,0,0
1,4,13,0,0,0,0,0,0,0,0,0,0,0,0,0,0,0,4,0,0
-1,4,3,0,0,0,0,0,0,0,0,0,0,0,0,0,0,0,5,1,0
1,3,18,27,0,0,0,0,0,0,27,27,27,0,27,0,0,0,4,0,0
1,4,17,0,0,0,0,0,0,0,0,0,0,0,0,0,0,0,4,1,0
0,4,11.75,0,0,0,0,0,0,0,0,0,0,0,0,0,0,0,5,1,0
1,3,14.3333,0,0,0,0,0,0,0,0,0,0,0,0,0,0,0,3,0,1
1,2,17,0,0,0,0,0,0,0,0,0,0,0,0,0,0,0,2,0,1
0,2,11,0,0,0,0,0,0,0,0,0,0,0,0,0,0,0,2,1,1
1,2,16,0,0,0,0,0,0,0,0,0,0,0,0,0,0,0,2,1,1
1,3,18,0,0,0,0,0,0,0,0,0,0,0,0,0,0,0,3,0,0
-1,5,7.8,0,0,0,0,0,0,0,0,0,0,0,0,0,0,0,5,0,0
1,5,18,0,0,0,0,0,0,0,0,0,0,0,0,0,0,0,5,0,0
0,3,11,315,0,0,207,108,0,45,171,270,162,45,162,108,0,0,3,1,0
0,3,8.66667,0,0,0,0,0,0,0,0,0,0,0,0,0,0,0,4,1,0
1,4,17.5,0,0,0,0,0,0,0,0,0,0,0,0,0,1,0,4,0,0
1,1,13,0,0,0,0,0,0,0,0,0,0,0,0,0,0,0,1,0,0
1,1,14,0,0,0,0,0,0,0,0,0,0,0,0,0,0,0,1,1,0
1,4,14,0,0,0,0,0,0,0,0,0,0,0,0,0,0,0,5,1,1
0,4,8.5,0,0,0,0,0,0,0,0,0,0,0,0,0,1,0,4,0,0
0,4,9.75,0,0,0,0,0,0,0,0,0,0,0,0,0,0,0,4,0,1
1,6,19.1667,0,0,0,0,0,0,0,0,0,0,0,0,0,0,0,6,0,0
-1,4,6.75,0,0,0,0,0,0,0,0,0,0,0,0,0,0,0,5,1,0
1,4,17,0,0,0,0,0,0,0,0,0,0,0,0,0,0,0,4,0,0
1,1,17,0,0,0,0,0,0,0,0,0,0,0,0,0,0,0,1,0,0
1,5,19,1152,333,54,468,144,0,306,693,1152,693,306,693,459,0,0,6,0,0
-1,5,6.2,0,0,0,0,0,0,0,0,0,0,0,0,0,1,0,6,0,0
1,6,14.1667,0,0,0,0,0,0,0,0,0,0,0,0,0,0,0,6,0,0
-1,2,7,0,0,0,0,0,0,0,0,0,0,0,0,0,0,0,2,1,0
0,5,12.8,135,0,0,0,0,0,45,90,135,90,45,90,45,0,0,6,0,0
0,5,12,0,0,0,0,0,0,0,0,0,0,0,0,0,0,0,6,1,0
1,4,16,351,108,45,117,81,0,99,225,324,216,99,216,108,0,0,6,0,0
1,5,15.8,0,0,0,0,0,0,0,0,0,0,0,0,0,0,0,5,0,0
-1,2,6.5,0,0,0,0,0,0,0,0,0,0,0,0,0,0,0,2,1,0
1,3,20,0,0,0,0,0,0,0,0,0,0,0,0,0,0,0,3,0,0
-1,6,7.16667,0,0,0,0,0,0,0,0,0,0,0,0,0,1,0,6,0,0
1,6,13.8333,0,0,0,0,0,0,0,0,0,0,0,0,0,0,0,6,1,0
-1,5,8.4,0,0,0,0,0,0,0,0,0,0,0,0,0,0,0,6,0,0
1,2,16,0,0,0,0,0,0,0,0,0,0,0,0,0,0,0,3,1,0
1,4,18.75,0,0,0,0,0,0,0,0,0,0,0,0,0,0,0,4,0,0
1,5,12.4,81,36,45,0,0,0,18,63,81,63,18,63,18,0,0,6,0,0
1,3,17.6667,63,0,0,0,63,0,27,36,63,36,27,36,27,0,0,3,0,0
-1,5,5.8,0,0,0,0,0,0,0,0,0,0,0,0,0,0,0,6,0,0
1,2,19,0,0,0,0,0,0,0,0,0,0,0,0,0,0,0,2,1,1
1,3,17,0,0,0,0,0,0,0,0,0,0,0,0,0,0,0,3,0,0
-1,1,5,0,0,0,0,0,0,0,0,0,0,0,0,0,0,0,1,1,0
0,2,9.5,0,0,0,0,0,0,0,0,0,0,0,0,0,0,0,2,0,0
0,2,12,0,0,0,0,0,0,0,0,0,0,0,0,0,0,0,2,1,1
-1,5,5,0,0,0,0,0,0,0,0,0,0,0,0,0,0,0,6,0,0
0,5,11.6,0,0,0,0,0,0,0,0,0,0,0,0,0,0,0,6,1,0
-1,5,2.2,0,0,0,0,0,0,0,0,0,0,0,0,0,0,0,6,1,0
1,4,14,0,0,0,0,0,0,0,0,0,0,0,0,0,1,0,6,0,0
1,4,17.75,0,0,0,0,0,0,0,0,0,0,0,0,0,0,0,4,0,0
1,4,16,0,0,0,0,0,0,0,0,0,0,0,0,0,0,0,5,0,0
0,1,10,0,0,0,0,0,0,0,0,0,0,0,0,0,0,0,1,1,1
1,4,16.25,0,0,0,0,0,0,0,0,0,0,0,0,0,0,0,4,0,0
1,4,16.5,0,0,0,0,0,0,0,0,0,0,0,0,0,0,0,4,0,0
1,3,19,0,0,0,0,0,0,0,0,0,0,0,0,0,0,0,3,0,0
1,4,14.25,0,0,0,0,0,0,0,0,0,0,0,0,0,0,0,4,0,0
1,5,14.2,0,0,0,0,0,0,0,0,0,0,0,0,0,0,0,6,0,0
1,3,18,945,234,0,0,108,0,153,540,738,486,153,486,252,0,0,4,0,0
1,5,15.6,10,0,0,0,0,0,0,10,10,10,0,10,0,0,0,6,1,0
1,5,12.6,0,0,0,0,0,0,0,0,0,0,0,0,0,0,0,5,0,0
1,4,16,0,0,0,0,0,0,0,0,0,0,0,0,0,0,0,4,0,0
1,2,15.5,0,0,0,0,0,0,0,0,0,0,0,0,0,0,0,2,0,1
1,4,17.75,0,0,0,0,0,0,0,0,0,0,0,0,0,0,0,5,0,0
0,4,12,0,0,0,0,0,0,0,0,0,0,0,0,0,0,0,4,0,0
1,3,16,0,0,0,0,0,0,0,0,0,0,0,0,0,0,0,3,1,0
1,3,18,0,0,0,0,0,0,0,0,0,0,0,0,0,0,0,4,0,1
1,4,12.25,0,0,0,0,0,0,0,0,0,0,0,0,0,0,0,5,0,0
1,4,13.25,0,0,0,0,0,0,0,0,0,0,0,0,0,0,0,5,0,0
1,3,18,423,216,0,0,45,0,108,288,396,279,108,279,117,0,0,3,0,0
0,5,9,0,0,0,0,0,0,0,0,0,0,0,0,0,0,0,5,1,1
1,4,18.75,0,0,0,0,0,0,0,0,0,0,0,0,0,0,0,5,0,0
1,5,16.2,0,0,0,0,0,0,0,0,0,0,0,0,0,0,0,5,1,0
1,3,15.3333,0,0,0,0,0,0,0,0,0,0,0,0,0,0,0,3,0,0
0,4,10,0,0,0,0,0,0,0,0,0,0,0,0,0,0,0,4,0,0
1,4,12.75,0,0,0,0,0,0,0,0,0,0,0,0,0,0,0,4,0,0
1,4,16.75,0,0,0,0,0,0,0,0,0,0,0,0,0,0,0,4,0,0
1,6,17.6667,0,0,0,0,0,0,0,0,0,0,0,0,0,0,0,6,0,0
0,5,10.8,0,0,0,0,0,0,0,0,0,0,0,0,0,0,0,5,1,0
0,5,11.4,0,0,0,0,0,0,0,0,0,0,0,0,0,0,0,5,0,1
1,4,15.5,130,0,130,0,0,0,60,70,130,70,60,70,60,1,0,4,0,0
0,2,8.5,0,0,0,0,0,0,0,0,0,0,0,0,0,0,0,2,0,0
0,4,10.25,0,0,0,0,0,0,0,0,0,0,0,0,0,0,0,5,0,0
-1,2,6.5,27,0,0,0,9,0,0,27,27,27,0,27,0,0,0,2,1,0
1,3,19.3333,135,63,36,0,0,0,18,117,135,117,18,117,18,0,0,3,0,0
0,3,12,0,0,0,0,0,0,0,0,0,0,0,0,0,0,0,3,1,0
1,6,13.6667,0,0,0,0,0,0,0,0,0,0,0,0,0,1,0,6,0,0
1,2,13.5,0,0,0,0,0,0,0,0,0,0,0,0,0,0,0,2,0,0
1,5,17.6,0,0,0,0,0,0,0,0,0,0,0,0,0,0,0,6,0,0
-1,4,6.75,0,0,0,0,0,0,0,0,0,0,0,0,0,0,0,5,1,0
1,5,15.8,0,0,0,0,0,0,0,0,0,0,0,0,0,0,0,5,1,1
1,5,16.6,230,50,130,0,0,0,80,150,230,150,80,150,80,0,0,6,0,0
1,4,14,180,0,0,180,0,0,18,144,171,144,18,144,27,0,0,4,0,0
0,5,12,0,0,0,0,0,0,0,0,0,0,0,0,0,1,0,6,1,0
1,5,12.8,0,0,0,0,0,0,0,0,0,0,0,0,0,0,0,5,0,1
1,3,12.3333,0,0,0,0,0,0,0,0,0,0,0,0,0,0,0,3,0,1
0,3,9.66667,0,0,0,0,0,0,0,0,0,0,0,0,0,0,0,3,0,0
1,2,15.5,0,0,0,0,0,0,0,0,0,0,0,0,0,0,0,3,1,0
0,6,10.6667,0,0,0,0,0,0,0,0,0,0,0,0,0,0,0,6,0,1
1,4,19.25,0,0,0,0,0,0,0,0,0,0,0,0,0,0,0,6,0,0
0,1,11,0,0,0,0,0,0,0,0,0,0,0,0,0,0,0,1,0,1
1,4,18.25,0,0,0,0,0,0,0,0,0,0,0,0,0,0,0,4,0,1
1,5,13.2,0,0,0,0,0,0,0,0,0,0,0,0,0,0,0,5,0,1
1,4,19,0,0,0,0,0,0,0,0,0,0,0,0,0,0,0,4,0,0
1,5,18.2,0,0,0,0,0,0,0,0,0,0,0,0,0,0,0,5,0,0
1,5,14.2,0,0,0,0,0,0,0,0,0,0,0,0,0,0,0,6,0,0
1,3,14.3333,0,0,0,0,0,0,0,0,0,0,0,0,0,0,0,3,0,0
1,5,17.6,0,0,0,0,0,0,0,0,0,0,0,0,0,0,0,5,0,0
1,4,16.5,0,0,0,0,0,0,0,0,0,0,0,0,0,0,0,4,0,0
1,4,13,0,0,0,0,0,0,0,0,0,0,0,0,0,0,0,4,0,0
1,3,16.3333,0,0,0,0,0,0,0,0,0,0,0,0,0,0,0,5,0,0
1,2,16.5,0,0,0,0,0,0,0,0,0,0,0,0,0,0,0,2,0,0
-1,4,7.25,0,0,0,0,0,0,0,0,0,0,0,0,0,0,0,5,1,0
1,4,13,117,45,0,72,0,0,36,81,117,81,36,81,36,0,0,4,1,0
1,5,17,0,0,0,0,0,0,0,0,0,0,0,0,0,1,0,6,0,0
-1,2,3,0,0,0,0,0,0,0,0,0,0,0,0,0,0,0,2,0,1
1,5,14.6,0,0,0,0,0,0,0,0,0,0,0,0,0,0,0,6,0,0
0,2,10.5,72,0,0,27,0,0,45,27,72,27,45,27,45,0,0,2,0,0
0,2,10,0,0,0,0,0,0,0,0,0,0,0,0,0,0,0,2,0,0
0,4,10,594,126,0,0,351,0,0,342,414,297,0,297,117,0,0,5,0,0
1,3,32.6667,0,0,0,0,0,0,0,0,0,0,0,0,0,0,0,3,1,0
0,5,10.4,0,0,0,0,0,0,0,0,0,0,0,0,0,0,0,5,0,0
0,4,11.75,0,0,0,0,0,0,0,0,0,0,0,0,0,0,0,5,0,1
1,4,17.75,0,0,0,0,0,0,0,0,0,0,0,0,0,0,0,4,0,1
1,1,14,0,0,0,0,0,0,0,0,0,0,0,0,0,0,0,1,0,0
1,3,17.3333,0,0,0,0,0,0,0,0,0,0,0,0,0,0,0,3,1,0
0,3,11.6667,0,0,0,0,0,0,0,0,0,0,0,0,0,0,0,3,0,0
1,5,15.6,0,0,0,0,0,0,0,0,0,0,0,0,0,0,0,5,1,0
0,3,12,0,0,0,0,0,0,0,0,0,0,0,0,0,0,0,3,0,0
1,6,17.6667,189,0,0,90,99,0,81,81,189,81,81,81,108,0,0,6,0,0
1,2,16,0,0,0,0,0,0,0,0,0,0,0,0,0,0,0,4,0,0
1,3,17,567,0,0,0,234,0,18,297,405,279,18,225,126,1,0,3,1,0
1,3,13,0,0,0,0,0,0,0,0,0,0,0,0,0,0,0,3,1,1
-1,2,5,0,0,0,0,0,0,0,0,0,0,0,0,0,0,0,2,0,1
0,1,9,0,0,0,0,0,0,0,0,0,0,0,0,0,0,0,1,1,1
1,1,16,189,36,0,0,36,0,54,135,189,135,54,135,54,0,0,1,0,0
1,6,14,0,0,0,0,0,0,0,0,0,0,0,0,0,0,0,6,0,0
1,6,15.6667,0,0,0,0,0,0,0,0,0,0,0,0,0,0,0,6,0,0
1,3,18.6667,0,0,0,0,0,0,0,0,0,0,0,0,0,0,0,3,0,0
1,5,17.6,0,0,0,0,0,0,0,0,0,0,0,0,0,0,0,5,0,0
1,3,13.6667,0,0,0,0,0,0,0,0,0,0,0,0,0,0,0,3,1,1
1,1,13,0,0,0,0,0,0,0,0,0,0,0,0,0,0,0,1,0,0
1,2,16.5,0,0,0,0,0,0,0,0,0,0,0,0,0,0,0,2,0,0
0,4,10.5,0,0,0,0,0,0,0,0,0,0,0,0,0,0,0,4,0,0
1,4,19,0,0,0,0,0,0,0,0,0,0,0,0,0,0,0,4,0,0
-1,4,6,0,0,0,0,0,0,0,0,0,0,0,0,0,0,0,4,0,0
1,4,13,0,0,0,0,0,0,0,0,0,0,0,0,0,0,0,4,0,0
1,5,13.4,0,0,0,0,0,0,0,0,0,0,0,0,0,0,0,5,0,0
-1,4,6.25,0,0,0,0,0,0,0,0,0,0,0,0,0,0,0,4,1,0
1,1,20,0,0,0,0,0,0,0,0,0,0,0,0,0,0,0,1,1,0
1,1,14,0,0,0,0,0,0,0,0,0,0,0,0,0,0,0,1,1,1
-1,4,7.75,0,0,0,0,0,0,0,0,0,0,0,0,0,0,0,4,1,0
1,1,19,0,0,0,0,0,0,0,0,0,0,0,0,0,0,0,1,1,0
1,3,17.6667,0,0,0,0,0,0,0,0,0,0,0,0,0,0,0,3,1,1
-1,4,2,0,0,0,0,0,0,0,0,0,0,0,0,0,0,0,4,1,0
1,6,17.6667,387,18,72,126,108,0,90,288,387,288,90,288,99,0,0,6,1,0
1,3,17.3333,162,0,0,36,0,0,18,144,162,144,18,144,18,0,0,3,1,0
-1,5,4,0,0,0,0,0,0,0,0,0,0,0,0,0,0,0,5,1,0
1,2,14.5,36,36,0,0,0,0,9,27,36,27,9,27,9,0,0,2,0,0
1,3,14.3333,0,0,0,0,0,0,0,0,0,0,0,0,0,0,0,3,0,0
1,5,18.8,0,0,0,0,0,0,0,0,0,0,0,0,0,0,0,5,0,0
1,1,14,0,0,0,0,0,0,0,0,0,0,0,0,0,0,0,1,0,0
0,5,11.6,0,0,0,0,0,0,0,0,0,0,0,0,0,0,0,5,1,0
-1,1,4,0,0,0,0,0,0,0,0,0,0,0,0,0,0,0,1,1,0
1,4,13.75,0,0,0,0,0,0,0,0,0,0,0,0,0,0,0,4,0,0
1,1,15,0,0,0,0,0,0,0,0,0,0,0,0,0,0,0,1,0,0
1,1,15,0,0,0,0,0,0,0,0,0,0,0,0,0,0,0,1,1,0
0,2,11,0,0,0,0,0,0,0,0,0,0,0,0,0,0,0,2,0,0
-1,1,7,0,0,0,0,0,0,0,0,0,0,0,0,0,0,0,1,0,0
0,6,10.1667,0,0,0,0,0,0,0,0,0,0,0,0,0,1,0,6,0,0
-1,1,2,0,0,0,0,0,0,0,0,0,0,0,0,0,0,0,1,1,1
1,4,18.25,140,0,0,0,0,0,30,60,100,50,30,50,50,0,0,4,1,0
0,6,11.1667,0,0,0,0,0,0,0,0,0,0,0,0,0,0,0,6,0,0
1,5,16.8,0,0,0,0,0,0,0,0,0,0,0,0,0,0,0,5,1,0
0,6,10.8333,0,0,0,0,0,0,0,0,0,0,0,0,0,0,0,6,1,1
1,6,14.8333,0,0,0,0,0,0,0,0,0,0,0,0,0,0,0,6,1,0
1,2,17.5,0,0,0,0,0,0,0,0,0,0,0,0,0,0,0,3,0,0
1,6,15.8333,0,0,0,0,0,0,0,0,0,0,0,0,0,0,0,6,0,1
1,5,16.2,216,36,0,0,117,0,63,108,180,99,63,99,81,1,0,5,0,0
1,4,18.25,72,0,72,0,0,0,18,54,72,54,18,54,18,0,0,4,0,0
1,4,15.5,0,0,0,0,0,0,0,0,0,0,0,0,0,0,0,5,1,0
1,4,30.5,0,0,0,0,0,0,0,0,0,0,0,0,0,0,0,4,0,0
1,6,18.6667,9,0,0,9,0,0,0,9,9,9,0,9,0,0,0,6,1,0
1,5,14,190,40,0,0,40,0,60,120,190,120,60,120,70,0,0,5,1,0
0,2,10.5,0,0,0,0,0,0,0,0,0,0,0,0,0,0,0,2,1,0
0,3,9,0,0,0,0,0,0,0,0,0,0,0,0,0,0,0,3,0,0
1,3,17.6667,0,0,0,0,0,0,0,0,0,0,0,0,0,1,0,3,0,0
1,4,14.25,0,0,0,0,0,0,0,0,0,0,0,0,0,0,0,4,0,0
1,4,13.5,10,10,0,0,0,0,0,10,10,10,0,10,0,1,0,4,0,0
0,3,9,0,0,0,0,0,0,0,0,0,0,0,0,0,0,0,3,1,0
1,3,15.6667,0,0,0,0,0,0,0,0,0,0,0,0,0,0,0,3,0,0
0,3,9.66667,0,0,0,0,0,0,0,0,0,0,0,0,0,0,0,3,1,0
1,6,36.6667,0,0,0,0,0,0,0,0,0,0,0,0,0,1,0,6,0,0
1,5,15,18,0,0,9,0,0,0,18,18,18,0,18,0,0,0,5,1,0
1,2,15.5,0,0,0,0,0,0,0,0,0,0,0,0,0,0,0,2,0,0
1,4,15,0,0,0,0,0,0,0,0,0,0,0,0,0,0,0,6,0,0
1,6,13.8333,0,0,0,0,0,0,0,0,0,0,0,0,0,0,0,6,1,1
1,6,14.3333,0,0,0,0,0,0,0,0,0,0,0,0,0,1,0,6,1,0
1,6,15.8333,0,0,0,0,0,0,0,0,0,0,0,0,0,1,0,6,1,0
0,4,9.5,0,0,0,0,0,0,0,0,0,0,0,0,0,0,0,4,1,0
1,2,12.5,0,0,0,0,0,0,0,0,0,0,0,0,0,0,0,2,0,0
0,2,11.5,0,0,0,0,0,0,0,0,0,0,0,0,0,0,0,2,0,0
1,2,17.5,0,0,0,0,0,0,0,0,0,0,0,0,0,0,0,2,1,0
1,2,16,0,0,0,0,0,0,0,0,0,0,0,0,0,0,0,2,0,0
1,3,12.6667,0,0,0,0,0,0,0,0,0,0,0,0,0,0,0,3,0,0
1,3,16,0,0,0,0,0,0,0,0,0,0,0,0,0,0,0,3,0,0
0,3,9.66667,0,0,0,0,0,0,0,0,0,0,0,0,0,0,0,3,0,0
0,1,9,0,0,0,0,0,0,0,0,0,0,0,0,0,0,0,1,1,0
1,6,14.5,0,0,0,0,0,0,0,0,0,0,0,0,0,0,0,6,1,1
1,5,16.8,0,0,0,0,0,0,0,0,0,0,0,0,0,0,0,5,0,0
0,4,10.75,0,0,0,0,0,0,0,0,0,0,0,0,0,0,0,4,1,0
1,2,16.5,0,0,0,0,0,0,0,0,0,0,0,0,0,0,0,2,1,1
1,1,19,0,0,0,0,0,0,0,0,0,0,0,0,0,0,0,1,1,1
1,6,18.5,0,0,0,0,0,0,0,0,0,0,0,0,0,0,0,6,0,0
1,3,16,0,0,0,0,0,0,0,0,0,0,0,0,0,0,0,3,0,0
0,1,12,0,0,0,0,0,0,0,0,0,0,0,0,0,0,0,1,0,0
0,4,11.5,0,0,0,0,0,0,0,0,0,0,0,0,0,0,0,4,0,0
1,3,12.6667,0,0,0,0,0,0,0,0,0,0,0,0,0,0,0,3,0,0
1,2,90,0,0,0,0,0,0,0,0,0,0,0,0,0,0,0,2,1,0
1,4,17.25,0,0,0,0,0,0,0,0,0,0,0,0,0,0,0,4,0,0
1,4,13.25,0,0,0,0,0,0,0,0,0,0,0,0,0,1,0,4,0,0
1,6,15.1667,0,0,0,0,0,0,0,0,0,0,0,0,0,0,0,6,0,0
1,6,19,0,0,0,0,0,0,0,0,0,0,0,0,0,1,0,6,0,0
1,1,14,0,0,0,0,0,0,0,0,0,0,0,0,0,0,0,1,0,1
1,5,30,0,0,0,0,0,0,0,0,0,0,0,0,0,0,0,5,1,0
0,6,10.1667,0,0,0,0,0,0,0,0,0,0,0,0,0,1,0,6,0,1
1,6,15.8333,260,0,0,60,0,0,70,190,260,190,70,190,70,0,0,6,0,0
0,2,10,0,0,0,0,0,0,0,0,0,0,0,0,0,0,0,2,1,0
-1,1,1,0,0,0,0,0,0,0,0,0,0,0,0,0,0,0,1,1,1
0,4,12,0,0,0,0,0,0,0,0,0,0,0,0,0,0,0,4,0,0
1,6,18.5,0,0,0,0,0,0,0,0,0,0,0,0,0,0,0,6,0,0
1,6,16.5,0,0,0,0,0,0,0,0,0,0,0,0,0,0,0,6,0,0
-1,3,7.33333,17,0,0,0,17,0,0,17,17,17,0,17,0,0,0,3,0,1
1,1,19,0,0,0,0,0,0,0,0,0,0,0,0,0,0,0,1,1,0
-1,6,7,0,0,0,0,0,0,0,0,0,0,0,0,0,0,0,6,0,0
1,5,16.4,0,0,0,0,0,0,0,0,0,0,0,0,0,1,0,5,0,0
1,1,90,0,0,0,0,0,0,0,0,0,0,0,0,0,0,0,1,0,1
-1,4,7,0,0,0,0,0,0,0,0,0,0,0,0,0,0,0,4,1,0
1,4,18.25,0,0,0,0,0,0,0,0,0,0,0,0,0,1,0,4,1,1
1,6,17.8333,0,0,0,0,0,0,0,0,0,0,0,0,0,1,0,6,1,0
-1,4,6.25,0,0,0,0,0,0,0,0,0,0,0,0,0,0,0,5,0,0
1,2,17.5,1786,323,0,76,266,0,570,1216,1786,1216,570,1216,570,0,0,2,0,1
0,3,10.6667,0,0,0,0,0,0,0,0,0,0,0,0,0,0,0,3,1,0
-1,4,6,0,0,0,0,0,0,0,0,0,0,0,0,0,0,0,4,1,0
0,1,9,0,0,0,0,0,0,0,0,0,0,0,0,0,0,0,1,0,0
0,3,9,0,0,0,0,0,0,0,0,0,0,0,0,0,0,0,3,0,0
1,3,13.3333,0,0,0,0,0,0,0,0,0,0,0,0,0,0,0,3,0,0
-1,3,4.33333,0,0,0,0,0,0,0,0,0,0,0,0,0,0,0,3,0,0
1,4,14,0,0,0,0,0,0,0,0,0,0,0,0,0,0,0,4,0,0
1,4,17.25,0,0,0,0,0,0,0,0,0,0,0,0,0,0,0,4,0,0
1,3,14.3333,279,81,0,54,54,0,63,216,279,216,63,216,63,0,0,3,0,0
1,6,15.8333,0,0,0,0,0,0,0,0,0,0,0,0,0,0,0,6,1,0
0,5,9.4,0,0,0,0,0,0,0,0,0,0,0,0,0,0,0,5,1,0
1,2,15,9,0,0,0,9,0,0,9,9,9,0,9,0,0,0,2,0,0
1,6,17.1667,0,0,0,0,0,0,0,0,0,0,0,0,0,0,0,6,0,0
1,6,13.8333,0,0,0,0,0,0,0,0,0,0,0,0,0,1,0,6,1,0
1,6,12.1667,0,0,0,0,0,0,0,0,0,0,0,0,0,0,0,6,1,1
0,3,11.3333,0,0,0,0,0,0,0,0,0,0,0,0,0,0,0,3,1,0
-1,2,4.5,0,0,0,0,0,0,0,0,0,0,0,0,0,0,0,2,1,1
