classe_num,avgNote_w20,ndevoir_w20,log_w20,logMonday_w20,logSunday_w20,logWed_w20,logThursday_w20,DiffDaysWeek,log_resource,log_core,logviewed_w20,logviewedCore_w20,logviewedResource_w20,logViewedTargetCourse_w20,logViewedTargetCourseModule_w20,progress_dvr,progress_log,totalDevoir,bourse,redoublant
1,18,3,1296,180,90,117,261,0,585,711,1296,711,585,711,585,1,0,6,0,0
1,16,2,63,0,0,0,0,0,27,36,63,36,27,36,27,0,0,4,0,0
1,16,3,0,0,0,0,0,0,0,0,0,0,0,0,0,0,0,6,0,0
1,14,2,90,0,0,0,0,0,9,81,90,81,9,81,9,0,0,3,0,0
1,19,3,900,324,0,0,405,0,279,558,900,558,279,387,342,0,0,6,0,0
1,20,3,0,0,0,0,0,0,0,0,0,0,0,0,0,0,0,6,0,0
1,15,1,0,0,0,0,0,0,0,0,0,0,0,0,0,0,0,3,0,0
1,20,2,0,0,0,0,0,0,0,0,0,0,0,0,0,0,0,4,0,0
1,18,2,225,0,81,0,72,1,63,162,225,162,63,162,63,0,1,5,0,0
1,16,2,315,45,0,18,216,0,90,225,315,225,90,225,90,1,0,4,0,0
1,14,1,0,0,0,0,0,0,0,0,0,0,0,0,0,0,0,2,0,0
0,12,3,873,99,63,144,27,0,252,621,873,621,252,621,252,0,0,6,0,0
1,18,3,198,36,0,0,72,0,36,162,198,162,36,162,36,0,0,4,0,0
1,20,2,0,0,0,0,0,0,0,0,0,0,0,0,0,0,0,6,1,0
1,17,3,1903,495,242,165,242,1,594,1309,1903,1309,594,1309,594,0,1,6,0,0
1,15,2,108,108,0,0,0,0,27,81,108,81,27,81,27,0,0,4,0,0
1,17,2,225,126,0,9,45,0,63,162,225,162,63,162,63,0,0,3,0,0
1,20,3,846,414,288,0,0,0,432,414,846,414,432,414,432,0,0,6,0,0
1,18,3,639,117,18,0,0,0,171,468,639,468,171,432,171,0,0,5,0,0
1,13,2,594,108,72,63,72,1,144,450,594,450,144,450,144,0,1,6,0,1
1,17,3,45,0,0,0,9,0,9,36,45,36,9,36,9,0,0,5,0,0
0,9,2,252,72,0,36,0,0,72,180,252,180,72,180,72,0,0,4,0,0
1,11,3,0,0,0,0,0,0,0,0,0,0,0,0,0,0,0,6,0,0
1,15,3,45,45,0,0,0,0,9,36,45,36,9,36,9,0,0,6,1,0
1,15,2,1930,750,0,270,270,1,650,1280,1930,1280,650,1280,650,0,1,4,0,0
0,12,2,117,0,108,9,0,0,36,81,117,81,36,81,36,0,0,5,0,0
1,19,2,110,0,0,44,0,0,22,88,110,88,22,77,22,0,0,4,0,0
1,19,2,330,0,0,0,330,0,120,210,330,210,120,210,120,0,0,4,0,0
1,15,1,240,40,0,40,0,0,110,130,240,130,110,130,110,0,0,3,0,0
1,19,3,693,27,0,9,18,0,297,387,693,387,297,297,297,0,0,6,0,0
1,18,2,0,0,0,0,0,0,0,0,0,0,0,0,0,0,0,4,1,0
1,14,3,100,60,0,0,0,0,40,60,100,60,40,60,40,0,0,6,0,0
0,12,2,468,0,405,0,0,0,315,153,468,153,315,153,315,0,0,5,0,0
1,19,2,207,0,0,45,36,0,45,162,207,162,45,162,45,0,0,5,0,0
1,18,3,0,0,0,0,0,0,0,0,0,0,0,0,0,0,0,6,0,0
1,17,1,0,0,0,0,0,0,0,0,0,0,0,0,0,0,0,5,0,0
1,17,3,432,297,0,54,0,0,99,333,432,333,99,333,99,0,0,6,1,0
1,18,1,54,0,0,0,54,0,0,54,54,54,0,54,0,0,0,5,0,0
1,16,3,126,0,0,63,63,0,27,99,126,99,27,99,27,0,0,6,0,0
1,0,0,9,9,0,0,0,0,0,9,9,9,0,9,0,0,0,3,0,1
1,17,3,63,0,0,0,0,0,27,36,63,36,27,36,27,1,0,6,1,0
1,19,3,280,70,10,0,50,0,80,200,280,200,80,200,80,0,0,4,0,0
1,20,5,0,0,0,0,0,0,0,0,0,0,0,0,0,1,0,6,0,0
1,20,2,0,0,0,0,0,0,0,0,0,0,0,0,0,0,0,3,1,1
1,20,2,0,0,0,0,0,0,0,0,0,0,0,0,0,0,0,6,1,0
1,15,3,390,20,60,210,0,0,160,230,390,230,160,230,160,0,0,5,0,0
1,18,3,297,0,63,0,0,0,153,144,297,144,153,144,153,0,0,6,0,0
-1,0,1,0,0,0,0,0,0,0,0,0,0,0,0,0,1,0,1,0,1
1,15,3,243,72,81,0,0,0,63,180,243,180,63,180,63,0,0,5,1,0
1,15,2,288,63,0,72,0,0,126,162,288,162,126,162,126,0,0,3,0,0
0,11,3,108,0,0,0,108,0,54,54,108,54,54,54,54,0,0,3,0,0
1,14,1,297,27,0,0,126,0,0,135,279,135,0,126,117,0,0,2,1,0
1,17,1,9,0,0,0,0,0,0,9,9,9,0,9,0,0,0,3,0,0
1,15,2,225,0,0,144,81,0,27,198,225,198,27,198,27,0,0,4,1,0
1,19,3,27,9,18,0,0,0,0,27,27,27,0,27,0,0,0,6,0,0
1,19,4,801,27,81,99,378,0,189,522,792,522,189,423,252,0,0,6,0,0
0,12,3,288,90,0,108,90,0,108,180,288,180,108,180,108,0,0,5,0,0
1,17,3,190,30,0,150,10,0,50,140,190,140,50,90,50,0,0,5,0,0
1,19,1,0,0,0,0,0,0,0,0,0,0,0,0,0,0,0,2,0,1
1,18,4,486,0,9,90,0,0,162,324,486,324,162,324,162,0,0,6,0,0
0,12,2,297,0,63,153,36,0,108,189,297,189,108,189,108,0,0,5,1,0
1,17,1,135,72,63,0,0,0,36,99,135,99,36,99,36,0,0,6,0,0
0,12,2,0,0,0,0,0,0,0,0,0,0,0,0,0,1,0,4,1,0
1,12,2,144,0,0,54,45,0,27,117,144,117,27,117,27,0,0,5,1,0
1,8,1,0,0,0,0,0,0,0,0,0,0,0,0,0,0,0,4,0,0
1,14,2,585,36,63,0,117,0,198,387,585,387,198,387,198,0,0,3,1,1
0,9,1,18,18,0,0,0,0,0,18,18,18,0,18,0,0,0,1,0,0
1,17,3,126,63,0,0,63,0,18,108,126,108,18,108,18,0,0,6,1,0
1,0,0,0,0,0,0,0,0,0,0,0,0,0,0,0,0,0,4,1,0
1,15,1,0,0,0,0,0,0,0,0,0,0,0,0,0,0,0,1,0,1
1,17,3,324,0,0,0,189,0,99,225,324,225,99,225,99,0,0,4,0,0
0,11,2,9,9,0,0,0,0,0,9,9,9,0,9,0,0,0,2,1,0
1,17,3,414,72,0,27,99,1,90,216,405,216,90,189,171,0,1,6,0,0
0,0,0,0,0,0,0,0,0,0,0,0,0,0,0,0,0,0,1,1,0
-1,2,3,0,0,0,0,0,0,0,0,0,0,0,0,0,0,0,4,0,1
1,18,2,280,0,90,100,0,0,40,240,280,240,40,240,40,0,0,5,1,0
1,16,1,459,63,0,0,306,0,252,207,459,207,252,207,252,0,0,6,0,0
-1,0,0,0,0,0,0,0,0,0,0,0,0,0,0,0,0,0,1,1,1
-1,7,1,0,0,0,0,0,0,0,0,0,0,0,0,0,0,0,1,1,0
0,11,6,153,0,0,99,27,0,36,108,153,108,36,108,45,0,0,6,0,0
1,0,0,0,0,0,0,0,0,0,0,0,0,0,0,0,0,0,2,1,0
-1,5,2,0,0,0,0,0,0,0,0,0,0,0,0,0,1,0,2,1,1
-1,8,4,72,0,0,9,9,0,18,54,72,54,18,54,18,1,0,5,1,0
-1,10,4,0,0,0,0,0,0,0,0,0,0,0,0,0,1,0,6,1,0
-1,0,0,0,0,0,0,0,0,0,0,0,0,0,0,0,0,0,2,0,0
1,19,1,496,352,0,16,0,1,264,232,496,232,264,232,264,0,1,5,0,0
1,14,2,488,40,0,176,96,1,80,408,488,408,80,408,80,0,1,6,1,1
1,16,3,1287,972,0,18,207,1,414,873,1287,873,414,873,414,0,1,6,0,0
1,15,3,128,0,0,16,0,0,32,96,128,96,32,88,32,0,0,6,0,1
1,17,2,616,72,0,240,72,0,264,352,616,352,264,352,264,0,0,4,0,0
1,15,3,920,168,224,64,56,0,240,680,920,680,240,680,240,0,0,4,0,0
1,16,2,423,288,36,0,0,1,99,324,423,324,99,324,99,0,1,4,0,0
1,18,2,0,0,0,0,0,0,0,0,0,0,0,0,0,0,0,4,1,1
1,18,1,0,0,0,0,0,0,0,0,0,0,0,0,0,0,0,6,0,0
1,20,3,944,104,184,152,296,0,272,672,944,672,272,672,272,0,0,6,0,0
1,12,2,432,80,0,40,112,0,104,328,432,328,104,328,104,0,0,3,0,0
1,11,2,112,24,0,0,64,0,16,96,112,96,16,96,16,0,0,5,0,0
1,20,3,608,48,0,0,16,0,280,328,608,328,280,328,280,0,0,6,1,0
1,15,3,0,0,0,0,0,0,0,0,0,0,0,0,0,0,0,5,0,0
1,15,2,0,0,0,0,0,0,0,0,0,0,0,0,0,0,0,6,0,0
1,16,2,0,0,0,0,0,0,0,0,0,0,0,0,0,0,0,4,0,0
1,18,2,376,64,0,304,0,0,248,128,376,128,248,128,248,0,0,6,0,0
1,17,3,144,0,40,0,72,0,48,96,144,96,48,96,48,0,0,6,0,0
1,16,2,0,0,0,0,0,0,0,0,0,0,0,0,0,0,0,5,1,0
1,17,2,0,0,0,0,0,0,0,0,0,0,0,0,0,0,0,6,0,0
1,13,3,48,16,0,0,0,0,0,48,48,48,0,48,0,0,0,5,1,0
0,15,2,0,0,0,0,0,0,0,0,0,0,0,0,0,0,0,6,0,1
0,14,1,0,0,0,0,0,0,0,0,0,0,0,0,0,0,0,5,0,0
1,18,4,8,8,0,0,0,0,0,8,8,8,0,8,0,0,0,6,0,0
1,16,2,32,0,0,32,0,0,0,32,32,32,0,32,0,0,0,4,0,0
1,16,3,576,0,0,160,352,0,128,448,576,448,128,448,128,0,0,6,0,0
1,18,4,880,0,120,0,0,0,344,536,880,536,344,536,344,0,0,6,0,0
0,14,3,432,224,0,40,128,0,184,248,432,248,184,248,184,0,0,6,0,0
1,19,2,936,136,0,176,392,0,432,504,936,504,432,504,432,0,0,5,0,0
1,16,2,192,8,0,72,0,0,32,160,192,160,32,160,32,0,0,4,0,0
1,17,3,664,64,0,312,120,0,136,528,664,528,136,528,136,0,0,5,0,0
1,17,1,328,0,72,0,0,0,120,208,328,208,120,208,120,0,0,4,0,0
1,16,3,40,0,0,0,40,0,8,32,40,32,8,32,8,0,0,6,0,0
1,20,2,208,0,0,0,24,1,32,176,208,176,32,176,32,0,1,6,0,0
1,12,1,248,112,0,0,32,0,8,240,248,240,8,48,8,0,0,3,0,0
1,16,2,64,0,8,0,0,0,16,48,64,48,16,48,16,0,0,5,0,0
1,14,1,24,0,0,0,0,0,8,16,24,16,8,16,8,0,0,2,0,0
-1,12,2,16,0,8,8,0,0,0,16,16,16,0,16,0,0,0,4,1,0
1,18,3,0,0,0,0,0,0,0,0,0,0,0,0,0,0,0,6,1,0
1,14,3,400,0,0,240,0,0,184,216,400,216,184,216,184,0,0,5,0,1
1,18,3,552,40,0,152,0,1,176,296,536,296,176,296,232,0,1,6,0,0
1,19,2,80,0,0,0,0,0,16,64,80,64,16,64,16,0,0,4,1,0
0,12,3,304,0,0,184,120,0,112,192,304,192,112,192,112,0,0,6,0,0
1,17,3,160,32,48,40,0,0,40,120,160,120,40,120,40,0,0,6,0,0
1,16,3,0,0,0,0,0,0,0,0,0,0,0,0,0,0,0,6,0,0
1,15,2,0,0,0,0,0,0,0,0,0,0,0,0,0,0,0,6,0,0
1,17,3,880,632,0,0,0,0,384,496,880,496,384,496,384,0,0,6,0,0
1,17,2,0,0,0,0,0,0,0,0,0,0,0,0,0,0,0,5,1,0
1,16,3,104,0,0,0,40,0,32,72,104,72,32,72,32,0,0,3,0,0
1,14,3,96,8,24,0,32,0,16,80,96,80,16,80,16,1,0,4,0,0
1,17,2,40,0,0,0,40,0,8,32,40,32,8,32,8,0,0,4,0,0
1,15,3,36,36,0,0,0,0,9,27,36,27,9,27,9,0,0,6,1,0
-1,3,3,64,64,0,0,0,0,16,48,64,48,16,48,16,0,0,4,0,0
1,18,3,0,0,0,0,0,0,0,0,0,0,0,0,0,0,0,6,0,0
-1,7,3,0,0,0,0,0,0,0,0,0,0,0,0,0,0,0,6,0,0
1,18,3,0,0,0,0,0,0,0,0,0,0,0,0,0,0,0,6,0,0
-1,6,2,0,0,0,0,0,0,0,0,0,0,0,0,0,0,0,5,0,0
1,0,0,144,8,40,16,24,0,16,128,144,128,16,128,16,0,0,2,0,0
1,16,2,48,0,0,40,0,0,0,48,48,48,0,48,0,0,0,4,0,0
1,16,2,96,32,0,64,0,0,32,64,96,64,32,64,32,0,0,4,0,0
1,13,2,80,24,0,0,0,0,32,48,80,48,32,48,32,0,0,4,0,0
1,14,2,0,0,0,0,0,0,0,0,0,0,0,0,0,0,0,5,0,0
1,16,3,64,0,24,0,0,0,16,48,64,48,16,48,16,0,0,6,0,0
1,20,4,0,0,0,0,0,0,0,0,0,0,0,0,0,1,0,6,0,0
1,19,3,592,168,0,0,104,0,224,368,592,368,224,368,224,0,0,6,0,0
0,14,2,0,0,0,0,0,0,0,0,0,0,0,0,0,0,0,4,0,0
1,15,2,264,0,0,80,128,0,88,176,264,176,88,176,88,0,0,3,1,0
1,12,1,1288,40,40,184,136,1,328,960,1288,960,328,960,328,0,1,5,0,0
0,12,3,192,0,0,0,0,1,32,160,192,160,32,160,32,0,1,5,0,0
1,18,3,216,0,56,40,8,0,64,152,216,152,64,152,64,0,0,5,1,0
1,14,2,440,104,0,128,88,0,0,176,408,176,0,176,192,0,0,4,0,0
1,16,3,0,0,0,0,0,0,0,0,0,0,0,0,0,0,0,5,0,0
-1,6,2,472,88,24,56,72,0,136,336,472,336,136,336,136,0,0,3,0,0
1,17,2,0,0,0,0,0,0,0,0,0,0,0,0,0,0,0,5,0,0
1,18,3,0,0,0,0,0,0,0,0,0,0,0,0,0,0,0,5,0,0
1,13,2,192,48,8,0,0,1,8,184,192,184,8,184,8,0,1,6,0,0
-1,10,3,0,0,0,0,0,0,0,0,0,0,0,0,0,0,0,6,0,0
1,19,3,104,0,0,0,32,0,32,72,104,72,32,72,32,0,0,6,0,0
-1,9,2,24,0,0,0,0,0,0,24,24,24,0,16,0,0,0,5,0,0
1,15,3,0,0,0,0,0,0,0,0,0,0,0,0,0,0,0,5,0,0
1,17,3,100,40,0,0,10,0,30,70,100,70,30,70,30,0,0,6,0,0
0,11,3,32,0,0,0,0,0,8,24,32,24,8,24,8,0,0,5,0,0
-1,7,3,0,0,0,0,0,0,0,0,0,0,0,0,0,0,0,5,0,0
1,16,3,224,48,0,64,40,0,72,152,224,152,72,152,72,0,0,6,0,0
1,18,3,32,0,0,32,0,0,8,24,32,24,8,24,8,0,0,6,0,0
1,13,3,0,0,0,0,0,0,0,0,0,0,0,0,0,0,0,6,0,0
1,16,2,304,0,48,136,0,0,104,200,304,200,104,200,104,0,0,4,0,0
0,13,3,360,0,0,0,80,0,216,144,360,144,216,144,216,0,0,6,0,0
1,17,2,184,0,0,32,80,0,64,120,184,120,64,120,64,0,0,4,0,0
1,19,3,32,0,0,32,0,0,0,32,32,32,0,32,0,0,0,6,1,0
-1,5,1,0,0,0,0,0,0,0,0,0,0,0,0,0,0,0,3,0,0
-1,5,1,799,136,0,0,527,0,340,459,799,459,340,459,340,0,0,1,0,0
1,12,2,0,0,0,0,0,0,0,0,0,0,0,0,0,0,0,4,1,0
1,16,2,24,0,0,0,0,0,0,24,24,24,0,16,0,0,0,5,0,0
1,18,3,0,0,0,0,0,0,0,0,0,0,0,0,0,0,0,6,0,0
1,18,2,0,0,0,0,0,0,0,0,0,0,0,0,0,0,0,4,0,0
1,12,3,0,0,0,0,0,0,0,0,0,0,0,0,0,0,0,6,0,0
1,14,3,0,0,0,0,0,0,0,0,0,0,0,0,0,0,0,5,1,0
1,15,1,88,8,0,0,0,0,8,80,88,80,8,80,8,0,0,6,1,0
1,17,2,96,32,0,0,32,0,24,72,96,72,24,72,24,0,0,6,0,0
1,16,3,0,0,0,0,0,0,0,0,0,0,0,0,0,0,0,5,1,0
1,15,3,312,0,0,0,0,0,184,128,312,128,184,128,184,0,0,6,0,0
1,15,3,32,0,0,0,32,0,8,24,32,24,8,24,8,0,0,6,1,0
0,9,3,0,0,0,0,0,0,0,0,0,0,0,0,0,0,0,4,0,0
1,0,0,0,0,0,0,0,0,0,0,0,0,0,0,0,0,0,3,1,0
1,16,2,928,136,0,0,328,0,256,672,928,672,256,672,256,0,0,3,0,0
1,15,3,440,176,0,0,0,1,192,248,440,248,192,248,192,0,1,6,0,0
1,14,3,0,0,0,0,0,0,0,0,0,0,0,0,0,0,0,6,0,1
1,16,3,0,0,0,0,0,0,0,0,0,0,0,0,0,0,0,6,0,0
1,12,1,8,8,0,0,0,0,0,8,8,8,0,8,0,0,0,4,0,0
1,15,3,608,8,384,0,216,1,272,336,608,336,272,336,272,0,1,6,1,0
0,13,1,184,0,0,0,0,0,72,112,184,112,72,112,72,0,0,3,0,0
-1,6,3,0,0,0,0,0,0,0,0,0,0,0,0,0,1,0,3,1,0
1,20,2,0,0,0,0,0,0,0,0,0,0,0,0,0,0,0,3,0,1
1,15,1,0,0,0,0,0,0,0,0,0,0,0,0,0,0,0,3,1,0
1,16,3,424,8,0,0,0,0,296,128,424,128,296,128,296,0,0,6,0,0
1,14,2,0,0,0,0,0,0,0,0,0,0,0,0,0,0,0,5,1,0
0,7,3,32,0,32,0,0,0,8,24,32,24,8,24,8,0,0,6,1,0
1,16,3,0,0,0,0,0,0,0,0,0,0,0,0,0,0,0,6,1,1
1,18,3,0,0,0,0,0,0,0,0,0,0,0,0,0,0,0,6,0,0
0,10,3,40,0,0,0,0,0,8,32,40,32,8,32,8,0,0,5,0,0
1,18,3,0,0,0,0,0,0,0,0,0,0,0,0,0,0,0,6,0,0
0,9,3,0,0,0,0,0,0,0,0,0,0,0,0,0,0,0,6,0,1
1,20,3,144,0,0,0,0,0,48,96,144,96,48,96,48,0,0,6,0,0
1,18,2,96,0,0,0,0,0,16,80,96,80,16,80,16,0,0,5,0,0
-1,3,2,0,0,0,0,0,0,0,0,0,0,0,0,0,0,0,2,0,0
0,13,3,0,0,0,0,0,0,0,0,0,0,0,0,0,1,0,4,0,1
1,14,1,0,0,0,0,0,0,0,0,0,0,0,0,0,0,0,3,0,0
1,12,2,432,0,0,0,0,0,296,136,432,136,296,136,296,0,0,4,0,0
1,15,2,240,40,0,64,0,0,88,152,240,152,88,152,88,0,0,3,0,0
1,17,2,0,0,0,0,0,0,0,0,0,0,0,0,0,0,0,4,0,1
1,14,1,0,0,0,0,0,0,0,0,0,0,0,0,0,0,0,4,0,0
0,11,2,120,0,120,0,0,0,48,72,120,72,48,72,48,0,0,4,0,0
1,16,3,0,0,0,0,0,0,0,0,0,0,0,0,0,0,0,6,0,0
1,19,2,0,0,0,0,0,0,0,0,0,0,0,0,0,0,0,4,0,0
1,17,2,0,0,0,0,0,0,0,0,0,0,0,0,0,0,0,4,0,0
1,10,2,0,0,0,0,0,0,0,0,0,0,0,0,0,0,0,4,1,0
1,15,3,0,0,0,0,0,0,0,0,0,0,0,0,0,0,0,5,0,1
1,12,2,0,0,0,0,0,0,0,0,0,0,0,0,0,0,0,3,0,0
0,10,1,656,40,32,0,16,1,168,488,656,488,168,488,168,0,1,3,0,0
1,16,3,208,0,0,0,80,0,72,136,208,136,72,136,72,0,0,5,0,0
1,19,3,0,0,0,0,0,0,0,0,0,0,0,0,0,0,0,6,0,0
1,15,3,0,0,0,0,0,0,0,0,0,0,0,0,0,0,0,5,0,0
0,13,3,0,0,0,0,0,0,0,0,0,0,0,0,0,0,0,6,0,0
1,19,3,408,0,144,48,0,0,144,264,408,264,144,264,144,0,0,6,0,0
1,16,2,176,64,0,16,0,0,56,120,176,120,56,120,56,0,0,4,0,0
1,17,2,0,0,0,0,0,0,0,0,0,0,0,0,0,0,0,5,1,0
1,15,3,0,0,0,0,0,0,0,0,0,0,0,0,0,0,0,5,0,0
1,18,3,8,0,0,8,0,0,0,8,8,8,0,8,0,0,0,5,1,0
1,11,1,0,0,0,0,0,0,0,0,0,0,0,0,0,0,0,2,0,0
1,17,3,0,0,0,0,0,0,0,0,0,0,0,0,0,0,0,6,0,0
1,15,2,0,0,0,0,0,0,0,0,0,0,0,0,0,0,0,4,0,0
1,20,2,64,0,0,8,56,0,8,56,64,56,8,56,8,0,0,5,0,0
-1,7,2,0,0,0,0,0,0,0,0,0,0,0,0,0,0,0,3,1,0
-1,10,3,512,48,48,104,64,0,208,304,512,304,208,304,208,0,0,6,0,0
1,12,1,216,0,0,56,104,0,112,104,216,104,112,104,112,0,0,2,0,0
1,17,2,232,128,0,40,0,0,96,136,232,136,96,136,96,0,0,3,0,0
1,13,3,0,0,0,0,0,0,0,0,0,0,0,0,0,0,0,5,0,0
0,13,3,368,40,0,88,16,0,56,312,368,312,56,312,56,0,0,6,0,0
1,20,3,8,8,0,0,0,0,0,8,8,8,0,8,0,0,0,6,1,0
1,20,1,264,40,0,40,16,1,88,176,264,176,88,176,88,0,1,4,0,0
1,19,3,1152,560,32,400,40,1,440,712,1152,712,440,712,440,1,1,4,0,0
1,18,2,192,0,0,0,192,0,104,88,192,88,104,88,104,0,0,6,0,0
1,15,3,0,0,0,0,0,0,0,0,0,0,0,0,0,0,0,4,0,0
1,17,3,88,24,0,0,0,0,8,80,88,80,8,80,8,0,0,5,1,0
0,8,3,152,152,0,0,0,0,48,104,152,104,48,104,48,0,0,6,1,0
1,15,2,184,0,0,72,104,0,80,104,184,104,80,104,80,0,0,2,1,1
1,16,2,0,0,0,0,0,0,0,0,0,0,0,0,0,0,0,5,0,0
1,19,1,16,0,0,0,0,0,0,16,16,16,0,16,0,0,0,3,0,0
1,15,3,120,0,0,0,64,1,24,96,120,96,24,96,24,0,1,6,0,0
0,13,3,632,72,40,128,0,0,216,416,632,416,216,416,216,0,0,6,0,1
0,9,2,0,0,0,0,0,0,0,0,0,0,0,0,0,0,0,5,0,0
0,6,3,0,0,0,0,0,0,0,0,0,0,0,0,0,0,0,5,0,0
1,16,2,0,0,0,0,0,0,0,0,0,0,0,0,0,0,0,6,0,0
1,16,3,0,0,0,0,0,0,0,0,0,0,0,0,0,0,0,5,0,0
1,14,3,104,0,0,40,0,0,40,64,104,64,40,64,40,0,0,6,0,0
1,16,3,264,72,0,64,40,0,80,184,264,184,80,184,80,0,0,6,1,0
1,14,3,776,128,0,368,184,0,480,296,776,296,480,296,480,0,0,4,0,0
-1,8,2,0,0,0,0,0,0,0,0,0,0,0,0,0,0,0,5,1,0
1,18,2,0,0,0,0,0,0,0,0,0,0,0,0,0,0,0,3,0,0
1,16,3,360,112,64,64,0,1,112,248,360,248,112,248,112,0,1,5,0,0
1,17,3,1624,104,32,504,376,1,512,1112,1624,1112,512,1112,512,0,1,6,0,0
1,17,2,0,0,0,0,0,0,0,0,0,0,0,0,0,1,0,4,0,0
1,17,3,0,0,0,0,0,0,0,0,0,0,0,0,0,0,0,5,0,0
1,18,3,856,368,0,120,112,0,232,624,856,624,232,624,232,0,0,6,0,0
1,12,2,0,0,0,0,0,0,0,0,0,0,0,0,0,0,0,4,0,0
1,17,2,8,0,0,8,0,0,0,8,8,8,0,8,0,0,0,3,0,0
1,14,3,0,0,0,0,0,0,0,0,0,0,0,0,0,0,0,6,1,0
1,17,2,0,0,0,0,0,0,0,0,0,0,0,0,0,0,0,6,0,0
1,18,3,104,0,56,0,0,0,32,72,104,72,32,72,32,0,0,6,0,0
1,17,3,0,0,0,0,0,0,0,0,0,0,0,0,0,0,0,4,0,0
0,17,2,40,0,0,0,0,0,16,24,40,24,16,24,16,0,0,6,0,0
1,14,1,16,0,0,16,0,0,0,16,16,16,0,16,0,0,0,2,0,0
1,16,2,0,0,0,0,0,0,0,0,0,0,0,0,0,1,0,5,0,0
1,20,2,0,0,0,0,0,0,0,0,0,0,0,0,0,0,0,6,1,0
1,14,2,0,0,0,0,0,0,0,0,0,0,0,0,0,0,0,2,0,0
1,18,3,104,40,0,64,0,0,48,56,104,56,48,56,48,0,0,6,0,0
1,18,2,32,0,32,0,0,0,8,24,32,24,8,24,8,0,0,5,0,0
1,16,3,48,0,0,0,0,0,24,24,48,24,24,24,24,0,0,3,0,0
1,17,3,0,0,0,0,0,0,0,0,0,0,0,0,0,0,0,5,0,0
1,16,2,136,0,0,0,48,0,64,72,136,72,64,72,64,0,0,3,0,0
1,13,1,90,0,0,0,72,0,27,63,90,63,27,63,27,0,0,4,0,0
1,17,3,128,0,0,0,0,0,56,72,128,72,56,72,56,0,0,5,0,0
1,19,4,1448,72,352,264,96,0,536,912,1448,912,536,912,536,0,0,6,0,0
-1,10,2,224,96,0,80,0,0,72,152,224,152,72,152,72,0,0,4,1,0
-1,10,2,248,48,0,0,48,0,112,136,248,136,112,136,112,0,0,4,1,0
1,20,2,585,234,0,135,72,0,207,378,585,378,207,378,207,0,0,4,1,0
1,17,3,1920,712,0,472,232,0,840,1080,1920,1080,840,1080,840,0,0,6,0,0
1,17,3,80,0,0,0,0,0,48,32,80,32,48,32,48,0,0,6,0,0
1,19,2,488,120,152,0,128,0,184,304,488,304,184,304,184,0,0,2,0,0
0,9,3,0,0,0,0,0,0,0,0,0,0,0,0,0,0,0,5,1,0
1,18,1,248,136,0,0,0,0,56,192,248,192,56,192,56,0,0,5,0,1
0,13,2,0,0,0,0,0,0,0,0,0,0,0,0,0,0,0,5,0,0
1,18,1,0,0,0,0,0,0,0,0,0,0,0,0,0,0,0,4,0,0
1,14,2,512,112,0,224,0,1,232,280,512,280,232,280,232,0,1,4,0,0
1,13,3,424,40,384,0,0,0,272,152,424,152,272,152,272,0,0,5,0,0
1,17,1,176,0,0,0,56,0,56,120,176,120,56,120,56,0,0,6,0,0
1,19,3,984,32,168,368,272,0,304,680,984,680,304,672,304,0,0,5,0,0
1,15,3,1144,288,0,136,464,0,408,736,1144,736,408,736,408,0,0,3,1,0
1,15,1,0,0,0,0,0,0,0,0,0,0,0,0,0,0,0,5,0,0
1,16,2,88,0,0,0,40,0,24,64,88,64,24,64,24,0,0,6,0,0
1,16,3,0,0,0,0,0,0,0,0,0,0,0,0,0,0,0,4,0,0
1,17,2,960,208,0,88,160,1,312,648,960,648,312,648,312,0,1,5,0,0
0,8,1,32,0,0,0,0,0,8,24,32,24,8,24,8,0,0,2,0,0
-1,9,3,0,0,0,0,0,0,0,0,0,0,0,0,0,0,0,6,1,0
0,12,3,200,96,0,0,0,0,88,112,200,112,88,112,88,0,0,6,0,0
1,18,6,0,0,0,0,0,0,0,0,0,0,0,0,0,1,0,6,1,0
1,14,3,64,40,0,0,24,0,8,56,64,56,8,56,8,0,0,5,1,0
1,12,3,0,0,0,0,0,0,0,0,0,0,0,0,0,0,0,4,0,0
1,16,3,0,0,0,0,0,0,0,0,0,0,0,0,0,0,0,5,0,0
1,18,3,8,0,0,8,0,0,0,8,8,8,0,8,0,0,0,6,0,0
1,14,1,0,0,0,0,0,0,0,0,0,0,0,0,0,0,0,3,1,0
1,0,0,72,0,0,54,9,0,27,45,72,45,27,45,27,0,0,1,1,0
0,12,3,0,0,0,0,0,0,0,0,0,0,0,0,0,0,0,6,0,0
1,15,2,32,0,0,32,0,0,8,24,32,24,8,24,8,0,0,3,0,0
1,17,3,0,0,0,0,0,0,0,0,0,0,0,0,0,0,0,4,0,0
1,19,2,560,8,48,136,224,0,248,312,560,312,248,312,248,0,0,4,0,0
1,17,3,40,0,0,40,0,0,8,32,40,32,8,32,8,0,0,4,1,0
-1,4,1,0,0,0,0,0,0,0,0,0,0,0,0,0,0,0,2,1,0
0,8,2,0,0,0,0,0,0,0,0,0,0,0,0,0,0,0,3,0,0
0,10,3,536,72,0,56,0,0,296,240,536,240,296,240,296,1,0,5,0,0
0,14,2,248,128,0,32,0,0,128,120,248,120,128,120,128,0,0,6,0,0
1,14,1,272,112,48,0,56,0,96,176,272,176,96,176,96,0,0,3,1,0
1,18,3,0,0,0,0,0,0,0,0,0,0,0,0,0,0,0,6,0,0
1,15,3,72,72,0,0,0,0,24,48,72,48,24,48,24,0,0,6,0,0
1,17,3,2488,440,72,624,648,1,432,1912,2472,1912,432,1232,512,0,1,6,0,0
1,16,4,112,80,0,0,32,0,8,104,112,104,8,104,8,0,0,5,0,0
1,17,3,208,48,0,88,8,0,88,120,208,120,88,120,88,0,0,6,0,0
1,18,2,40,0,0,40,0,0,16,24,40,24,16,24,16,1,0,5,0,0
1,18,2,0,0,0,0,0,0,0,0,0,0,0,0,0,0,0,4,0,0
-1,7,3,88,32,0,0,0,0,32,56,88,56,32,56,32,0,0,3,0,0
0,13,1,48,0,0,0,0,0,16,32,48,32,16,32,16,0,0,4,0,0
1,8,1,0,0,0,0,0,0,0,0,0,0,0,0,0,0,0,4,1,0
-1,6,1,0,0,0,0,0,0,0,0,0,0,0,0,0,0,0,1,0,1
1,16,3,168,16,0,80,0,0,48,120,168,120,48,120,48,0,0,5,0,0
1,17,3,216,56,0,104,56,0,64,152,216,152,64,152,64,1,0,6,1,0
0,11,2,0,0,0,0,0,0,0,0,0,0,0,0,0,0,0,5,1,0
1,0,0,128,0,0,96,0,0,56,72,128,72,56,72,56,0,0,1,0,0
1,16,3,464,0,104,80,176,0,144,320,464,320,144,320,144,0,0,5,0,0
1,15,2,96,0,0,0,32,0,24,72,96,72,24,72,24,0,0,4,0,0
1,13,1,40,0,0,0,0,0,16,24,40,24,16,24,16,0,0,2,1,0
1,16,4,0,0,0,0,0,0,0,0,0,0,0,0,0,1,0,6,0,0
1,17,3,0,0,0,0,0,0,0,0,0,0,0,0,0,1,0,4,1,0
1,11,1,176,0,0,0,136,0,64,112,176,112,64,112,64,0,0,4,0,0
1,13,3,0,0,0,0,0,0,0,0,0,0,0,0,0,0,0,6,1,0
0,9,3,8,0,8,0,0,0,0,8,8,8,0,8,0,1,0,5,1,0
1,17,2,152,0,64,0,0,0,56,96,152,96,56,96,56,0,0,6,0,0
1,16,4,576,48,128,96,88,0,120,456,576,456,120,456,120,1,0,4,0,0
1,15,3,360,0,304,56,0,0,248,112,360,112,248,112,248,0,0,3,0,0
1,13,2,0,0,0,0,0,0,0,0,0,0,0,0,0,1,0,4,0,0
0,13,2,0,0,0,0,0,0,0,0,0,0,0,0,0,0,0,5,0,0
1,17,2,1136,128,64,24,224,0,376,760,1136,760,376,760,376,0,0,4,1,0
1,17,3,64,0,8,0,32,0,8,56,64,56,8,56,8,1,0,3,0,0
1,16,2,45,0,0,0,45,0,18,27,45,27,18,27,18,0,0,2,0,0
1,15,1,730,310,70,40,90,0,190,540,730,540,190,540,190,0,0,4,0,0
1,17,1,88,0,0,0,0,0,24,64,88,64,24,64,24,0,0,6,1,0
1,13,2,32,0,24,8,0,0,0,32,32,32,0,32,0,0,0,6,0,0
-1,5,2,0,0,0,0,0,0,0,0,0,0,0,0,0,0,0,6,0,0
1,15,2,16,0,8,8,0,0,0,16,16,16,0,16,0,0,0,6,0,0
1,18,3,0,0,0,0,0,0,0,0,0,0,0,0,0,0,0,6,1,0
1,16,3,120,0,0,24,0,0,40,80,120,80,40,80,40,0,0,5,0,0
1,18,2,224,48,40,32,0,0,80,144,224,144,80,144,80,0,0,4,0,0
0,9,2,0,0,0,0,0,0,0,0,0,0,0,0,0,0,0,6,1,0
1,19,3,408,120,56,80,0,0,88,320,408,320,88,320,88,0,0,5,0,0
1,16,2,16,0,0,16,0,0,0,16,16,16,0,16,0,0,0,4,1,0
1,17,2,624,176,0,64,136,1,216,408,624,408,216,408,216,0,1,5,0,0
1,15,3,216,0,0,0,0,0,120,96,216,96,120,96,120,0,0,6,0,0
1,16,1,200,0,0,80,80,0,64,136,200,136,64,136,64,0,0,6,1,0
1,0,0,832,88,128,64,320,1,144,688,832,688,144,688,144,0,1,3,0,0
1,15,1,216,48,80,72,16,0,56,160,216,160,56,160,56,0,0,6,0,1
1,14,3,240,120,0,0,0,0,40,200,240,200,40,200,40,0,0,6,0,0
0,12,3,656,96,16,64,96,0,272,384,656,384,272,384,272,0,0,4,0,0
-1,3,3,0,0,0,0,0,0,0,0,0,0,0,0,0,0,0,6,1,0
1,16,3,168,0,0,0,72,0,64,104,168,104,64,104,64,0,0,4,0,0
1,12,1,96,0,0,48,0,0,16,80,96,80,16,80,16,0,0,2,1,0
-1,2,1,0,0,0,0,0,0,0,0,0,0,0,0,0,0,0,3,1,0
1,17,3,104,48,0,48,0,0,48,56,104,56,48,56,48,0,0,4,0,0
1,16,4,0,0,0,0,0,0,0,0,0,0,0,0,0,1,0,6,1,0
0,9,2,0,0,0,0,0,0,0,0,0,0,0,0,0,0,0,3,0,0
1,0,0,216,0,0,96,64,1,56,160,216,160,56,160,56,0,1,3,0,0
1,15,1,208,192,16,0,0,0,48,160,208,160,48,160,48,0,0,3,0,0
1,0,0,0,0,0,0,0,0,0,0,0,0,0,0,0,0,0,4,0,0
0,11,2,0,0,0,0,0,0,0,0,0,0,0,0,0,0,0,3,0,0
1,16,3,496,96,0,56,0,0,248,248,496,248,248,248,248,0,0,5,0,0
1,13,1,0,0,0,0,0,0,0,0,0,0,0,0,0,0,0,3,0,0
1,18,1,0,0,0,0,0,0,0,0,0,0,0,0,0,0,0,2,0,0
1,15,3,40,0,0,40,0,0,16,24,40,24,16,24,16,0,0,4,0,0
1,13,4,1400,96,184,432,168,0,584,816,1400,816,584,816,584,0,0,6,0,0
1,15,1,40,0,0,0,0,0,16,24,40,24,16,24,16,0,0,4,0,0
0,11,2,0,0,0,0,0,0,0,0,0,0,0,0,0,1,0,6,0,1
1,15,2,96,0,0,0,96,0,8,88,96,88,8,88,8,0,0,4,1,0
1,16,1,0,0,0,0,0,0,0,0,0,0,0,0,0,0,0,1,0,0
0,11,1,344,0,0,288,0,0,128,216,344,216,128,216,128,0,0,2,0,0
-1,8,3,48,0,0,8,40,0,8,40,48,40,8,40,8,0,0,4,1,0
1,16,1,80,0,0,0,48,0,16,64,80,64,16,64,16,0,0,4,0,0
1,16,2,0,0,0,0,0,0,0,0,0,0,0,0,0,0,0,3,0,0
0,16,1,24,24,0,0,0,0,0,24,24,24,0,24,0,0,0,4,1,0
0,11,3,0,0,0,0,0,0,0,0,0,0,0,0,0,0,0,4,1,0
-1,3,3,0,0,0,0,0,0,0,0,0,0,0,0,0,0,0,6,1,0
0,10,3,48,0,0,0,0,0,16,32,48,32,16,32,16,0,0,6,1,0
-1,7,3,0,0,0,0,0,0,0,0,0,0,0,0,0,0,0,3,0,0
-1,2,1,0,0,0,0,0,0,0,0,0,0,0,0,0,0,0,1,0,0
0,13,2,560,128,0,432,0,0,240,320,560,320,240,320,240,0,0,4,0,0
1,14,2,0,0,0,0,0,0,0,0,0,0,0,0,0,0,0,4,1,0
1,20,2,72,72,0,0,0,0,32,40,72,40,32,40,32,0,0,4,1,0
1,16,1,0,0,0,0,0,0,0,0,0,0,0,0,0,0,0,3,0,0
1,16,4,888,48,0,224,0,0,288,600,888,600,288,600,288,0,0,6,0,0
1,12,1,0,0,0,0,0,0,0,0,0,0,0,0,0,0,0,6,0,0
-1,6,3,0,0,0,0,0,0,0,0,0,0,0,0,0,0,0,6,0,0
1,17,2,0,0,0,0,0,0,0,0,0,0,0,0,0,0,0,5,0,0
-1,7,3,0,0,0,0,0,0,0,0,0,0,0,0,0,0,0,6,0,0
-1,8,3,0,0,0,0,0,0,0,0,0,0,0,0,0,0,0,6,1,0
0,13,3,0,0,0,0,0,0,0,0,0,0,0,0,0,0,0,6,1,1
-1,6,3,8,0,0,0,0,0,0,8,8,8,0,8,0,0,0,6,1,1
1,19,1,0,0,0,0,0,0,0,0,0,0,0,0,0,0,0,3,0,0
0,10,4,192,0,32,64,0,0,72,120,192,120,72,120,72,0,0,6,1,0
0,13,3,768,72,80,64,96,1,272,496,768,496,272,496,272,0,1,6,1,0
1,18,1,968,464,8,48,80,0,168,528,936,528,168,528,336,0,0,4,0,0
1,18,3,440,0,0,0,48,0,224,216,440,216,224,216,224,0,0,6,0,0
1,15,1,0,0,0,0,0,0,0,0,0,0,0,0,0,0,0,6,0,0
1,17,1,128,8,0,0,56,0,24,104,128,104,24,104,24,0,0,4,0,0
1,0,0,24,0,0,0,0,0,8,16,24,16,8,16,8,0,0,2,1,0
1,16,2,200,0,152,0,0,0,88,112,200,112,88,112,88,0,0,5,0,0
0,14,4,336,200,0,0,64,0,88,248,336,248,88,248,88,0,0,6,0,0
1,16,1,40,8,16,0,0,0,0,40,40,40,0,40,0,0,0,1,1,0
1,16,4,200,56,0,0,0,0,56,144,200,144,56,144,56,0,0,6,0,0
1,20,2,24,8,0,16,0,0,0,24,24,24,0,24,0,0,0,6,0,0
1,16,4,70,70,0,0,0,0,20,50,70,50,20,50,20,0,0,6,0,0
1,14,2,0,0,0,0,0,0,0,0,0,0,0,0,0,0,0,5,1,0
1,13,2,0,0,0,0,0,0,0,0,0,0,0,0,0,0,0,4,0,0
0,12,3,440,0,0,0,144,0,120,320,440,320,120,320,120,0,0,4,0,0
0,11,3,0,0,0,0,0,0,0,0,0,0,0,0,0,0,0,6,0,0
1,19,2,160,0,0,48,40,0,72,88,160,88,72,88,72,0,0,4,0,0
1,15,3,96,0,0,0,0,0,48,48,96,48,48,48,48,0,0,5,0,0
1,18,2,96,0,0,0,0,0,16,80,96,80,16,80,16,0,0,4,0,0
0,10,2,0,0,0,0,0,0,0,0,0,0,0,0,0,0,0,4,0,0
1,18,3,536,72,0,264,0,1,136,400,536,400,136,400,136,0,1,3,0,0
-1,6,3,0,0,0,0,0,0,0,0,0,0,0,0,0,0,0,6,1,0
-1,8,3,0,0,0,0,0,0,0,0,0,0,0,0,0,0,0,6,1,0
1,17,3,0,0,0,0,0,0,0,0,0,0,0,0,0,0,0,5,1,0
1,15,1,304,0,0,200,0,0,120,184,304,184,120,184,120,0,0,5,1,1
1,17,1,48,0,0,0,48,0,8,40,48,40,8,40,8,0,0,2,1,0
1,15,1,0,0,0,0,0,0,0,0,0,0,0,0,0,0,0,6,0,0
1,0,0,0,0,0,0,0,0,0,0,0,0,0,0,0,0,0,2,0,0
-1,2,2,0,0,0,0,0,0,0,0,0,0,0,0,0,0,0,2,1,0
0,13,2,0,0,0,0,0,0,0,0,0,0,0,0,0,0,0,3,0,0
1,16,2,8,0,0,0,0,0,0,8,8,8,0,8,0,0,0,5,0,0
-1,3,3,0,0,0,0,0,0,0,0,0,0,0,0,0,0,0,4,0,0
1,14,4,192,0,0,0,32,0,88,104,192,104,88,104,88,0,0,6,0,0
0,9,3,0,0,0,0,0,0,0,0,0,0,0,0,0,0,0,6,1,0
1,17,1,104,0,0,0,0,0,64,40,104,40,64,40,64,0,0,1,0,0
1,17,4,0,0,0,0,0,0,0,0,0,0,0,0,0,1,0,4,0,0
1,11,2,0,0,0,0,0,0,0,0,0,0,0,0,0,0,0,4,0,0
1,16,4,248,32,56,40,88,0,72,176,248,176,72,176,72,0,0,4,0,0
0,10,3,0,0,0,0,0,0,0,0,0,0,0,0,0,1,0,6,0,0
1,14,4,0,0,0,0,0,0,0,0,0,0,0,0,0,1,0,6,0,0
1,16,2,328,48,0,104,16,1,144,184,328,184,144,184,144,0,1,6,0,0
1,18,2,0,0,0,0,0,0,0,0,0,0,0,0,0,0,0,4,1,0
0,12,1,0,0,0,0,0,0,0,0,0,0,0,0,0,0,0,4,0,0
0,7,1,0,0,0,0,0,0,0,0,0,0,0,0,0,0,0,6,1,0
0,11,2,0,0,0,0,0,0,0,0,0,0,0,0,0,0,0,5,0,0
1,16,2,0,0,0,0,0,0,0,0,0,0,0,0,0,0,0,4,0,0
1,19,4,0,0,0,0,0,0,0,0,0,0,0,0,0,0,0,6,0,1
1,17,3,360,32,0,0,48,0,120,240,360,240,120,240,120,0,0,3,0,0
1,17,2,0,0,0,0,0,0,0,0,0,0,0,0,0,0,0,5,0,0
1,17,3,464,0,72,0,0,0,232,232,464,232,232,232,232,0,0,6,0,0
-1,3,3,0,0,0,0,0,0,0,0,0,0,0,0,0,0,0,4,0,0
1,17,3,0,0,0,0,0,0,0,0,0,0,0,0,0,1,0,5,0,1
1,17,2,408,0,224,0,184,0,136,272,408,272,136,272,136,0,0,4,1,0
1,15,3,152,0,0,0,0,0,24,128,152,128,24,104,24,0,0,6,0,0
1,16,4,632,80,0,136,88,0,256,376,632,376,256,360,256,1,0,5,0,0
0,10,3,40,0,0,0,0,0,16,24,40,24,16,24,16,0,0,6,1,0
0,11,3,0,0,0,0,0,0,0,0,0,0,0,0,0,0,0,6,0,0
0,8,1,0,0,0,0,0,0,0,0,0,0,0,0,0,0,0,1,0,1
-1,2,3,0,0,0,0,0,0,0,0,0,0,0,0,0,0,0,6,1,0
1,14,3,0,0,0,0,0,0,0,0,0,0,0,0,0,1,0,6,1,0
1,15,2,0,0,0,0,0,0,0,0,0,0,0,0,0,0,0,5,0,0
0,12,3,0,0,0,0,0,0,0,0,0,0,0,0,0,0,0,5,0,1
-1,11,2,0,0,0,0,0,0,0,0,0,0,0,0,0,0,0,4,0,0
1,15,1,0,0,0,0,0,0,0,0,0,0,0,0,0,0,0,6,1,0
-1,6,2,0,0,0,0,0,0,0,0,0,0,0,0,0,0,0,4,0,0
-1,6,2,32,32,0,0,0,0,8,24,32,24,8,24,8,0,0,5,1,0
1,13,2,0,0,0,0,0,0,0,0,0,0,0,0,0,0,0,3,1,0
1,17,4,0,0,0,0,0,0,0,0,0,0,0,0,0,1,0,5,0,0
0,10,4,0,0,0,0,0,0,0,0,0,0,0,0,0,0,0,6,1,0
1,16,4,400,40,0,0,128,0,176,224,400,224,176,224,176,1,0,6,0,0
0,12,3,0,0,0,0,0,0,0,0,0,0,0,0,0,1,0,6,0,0
1,10,1,216,48,0,96,32,0,56,160,216,160,56,160,56,0,0,6,0,1
1,18,2,488,96,8,48,104,0,120,368,488,368,120,368,120,0,0,6,0,0
1,16,3,136,0,0,0,0,0,56,80,136,80,56,80,56,0,0,4,0,0
0,13,3,88,0,32,0,56,0,32,56,88,56,32,56,32,0,0,5,0,0
1,0,0,24,0,0,24,0,0,8,16,24,16,8,16,8,0,0,3,0,1
1,16,3,72,0,0,0,0,0,8,64,72,64,8,64,8,1,0,4,0,0
1,18,4,32,32,0,0,0,0,8,24,32,24,8,24,8,0,0,6,0,0
0,7,1,1008,320,112,128,88,0,264,744,1008,744,264,744,264,0,0,6,1,0
1,13,3,0,0,0,0,0,0,0,0,0,0,0,0,0,0,0,3,1,0
1,16,2,0,0,0,0,0,0,0,0,0,0,0,0,0,0,0,4,1,0
1,0,0,0,0,0,0,0,0,0,0,0,0,0,0,0,0,0,2,0,0
1,15,1,0,0,0,0,0,0,0,0,0,0,0,0,0,0,0,1,0,0
1,16,4,32,0,0,0,0,0,8,24,32,24,8,24,8,0,0,5,0,0
1,18,2,368,0,0,32,232,0,136,232,368,232,136,232,136,0,0,2,0,1
1,17,3,0,0,0,0,0,0,0,0,0,0,0,0,0,0,0,5,1,0
1,16,1,0,0,0,0,0,0,0,0,0,0,0,0,0,0,0,2,0,0
1,18,3,96,0,0,64,32,0,48,48,96,48,48,48,48,0,0,6,0,0
0,11,2,424,96,0,128,72,0,88,336,424,336,88,336,88,0,0,2,0,1
0,13,2,400,64,0,120,64,0,208,192,400,192,208,192,208,0,0,6,1,1
1,16,4,10,0,0,0,10,0,0,10,10,10,0,10,0,0,0,6,1,0
1,13,1,264,136,8,24,24,0,64,200,264,200,64,200,64,0,0,1,1,0
0,8,3,8,8,0,0,0,0,0,8,8,8,0,8,0,0,0,4,0,0
1,19,4,240,72,80,40,48,0,72,168,240,168,72,168,72,0,0,6,0,0
1,14,2,120,0,0,40,0,1,64,56,120,56,64,56,64,0,1,5,0,0
-1,9,3,0,0,0,0,0,0,0,0,0,0,0,0,0,0,0,6,0,0
1,0,0,0,0,0,0,0,0,0,0,0,0,0,0,0,0,0,3,0,0
0,8,2,128,0,0,0,128,0,72,56,128,56,72,56,72,0,0,3,0,0
1,14,3,512,0,0,0,56,0,144,368,512,368,144,368,144,0,0,4,0,0
1,18,2,0,0,0,0,0,0,0,0,0,0,0,0,0,0,0,4,0,0
0,12,2,0,0,0,0,0,0,0,0,0,0,0,0,0,0,0,4,1,0
1,17,4,416,128,0,64,64,1,80,336,416,336,80,336,80,0,1,6,0,0
0,13,3,0,0,0,0,0,0,0,0,0,0,0,0,0,0,0,5,0,1
1,18,1,0,0,0,0,0,0,0,0,0,0,0,0,0,0,0,2,1,0
1,9,1,0,0,0,0,0,0,0,0,0,0,0,0,0,0,0,6,0,0
1,19,5,2781,540,513,342,387,1,261,1683,2745,1683,261,927,828,0,1,6,0,0
1,16,2,0,0,0,0,0,0,0,0,0,0,0,0,0,0,0,3,0,0
1,20,2,80,0,0,0,32,0,16,64,80,64,16,64,16,0,0,2,0,0
1,16,3,240,56,80,56,0,0,88,152,240,152,88,152,88,0,0,6,0,0
1,16,2,270,135,9,0,18,0,72,189,270,189,72,189,81,0,0,4,0,0
1,15,3,0,0,0,0,0,0,0,0,0,0,0,0,0,0,0,6,1,1
1,16,3,64,0,0,0,64,0,32,32,64,32,32,32,32,0,0,3,1,0
1,15,1,36,0,0,27,9,0,0,36,36,36,0,36,0,0,0,4,1,0
1,0,0,0,0,0,0,0,0,0,0,0,0,0,0,0,0,0,3,0,1
-1,5,3,0,0,0,0,0,0,0,0,0,0,0,0,0,0,0,6,1,0
1,14,3,888,16,80,136,184,0,280,608,888,608,280,608,280,0,0,3,1,0
1,14,3,0,0,0,0,0,0,0,0,0,0,0,0,0,1,0,4,0,0
0,10,4,2272,0,216,0,768,1,808,1464,2272,1464,808,1464,808,0,1,6,0,0
1,16,2,656,216,0,40,152,0,152,504,656,504,152,504,152,0,0,4,0,0
-1,7,1,32,24,8,0,0,0,0,32,32,32,0,32,0,1,0,3,0,1
0,10,4,0,0,0,0,0,0,0,0,0,0,0,0,0,0,0,6,1,1
1,16,4,1096,248,280,176,64,1,384,712,1096,712,384,712,384,0,1,5,0,0
0,11,4,0,0,0,0,0,0,0,0,0,0,0,0,0,0,0,6,1,1
0,12,3,0,0,0,0,0,0,0,0,0,0,0,0,0,0,0,3,0,0
1,18,2,96,64,24,0,0,0,40,56,96,56,40,56,40,0,0,5,0,0
1,18,4,560,32,8,32,200,0,144,416,560,416,144,416,144,0,0,6,0,0
-1,4,1,312,216,0,0,48,1,40,272,312,272,40,272,40,0,1,2,0,0
-1,3,3,128,32,8,0,8,0,32,96,128,96,32,96,32,0,0,4,1,1
1,17,2,16,16,0,0,0,0,0,16,16,16,0,16,0,1,0,2,1,0
1,14,3,0,0,0,0,0,0,0,0,0,0,0,0,0,1,0,6,0,0
0,10,3,120,0,64,0,0,0,32,88,120,88,32,88,32,0,0,3,0,0
1,19,3,376,0,8,0,240,0,144,232,376,232,144,232,144,0,0,6,0,1
0,14,2,0,0,0,0,0,0,0,0,0,0,0,0,0,0,0,5,0,0
1,17,3,40,40,0,0,0,0,16,24,40,24,16,24,16,0,0,5,0,0
1,14,2,0,0,0,0,0,0,0,0,0,0,0,0,0,0,0,3,0,1
1,19,3,0,0,0,0,0,0,0,0,0,0,0,0,0,0,0,5,0,0
1,16,3,0,0,0,0,0,0,0,0,0,0,0,0,0,0,0,5,0,0
1,14,3,0,0,0,0,0,0,0,0,0,0,0,0,0,1,0,5,0,0
1,15,1,0,0,0,0,0,0,0,0,0,0,0,0,0,0,0,1,1,1
1,13,3,468,153,0,36,45,0,180,288,468,288,180,288,180,0,0,4,1,0
0,9,3,0,0,0,0,0,0,0,0,0,0,0,0,0,1,0,6,1,1
-1,12,1,561,51,0,272,170,0,85,476,561,476,85,476,85,0,0,4,1,0
1,16,3,80,0,0,80,0,0,0,80,80,80,0,80,0,0,0,6,0,0
1,17,4,688,136,0,216,160,0,120,568,688,568,120,568,120,0,0,5,0,0
1,19,3,912,56,240,144,200,1,224,688,912,688,224,688,224,0,1,6,0,0
1,16,4,88,0,0,0,24,0,48,40,88,40,48,40,48,0,0,6,1,1
1,18,4,0,0,0,0,0,0,0,0,0,0,0,0,0,1,0,6,1,1
1,15,2,24,0,0,0,0,0,8,16,24,16,8,16,8,0,0,2,0,0
1,14,2,0,0,0,0,0,0,0,0,0,0,0,0,0,0,0,6,0,0
1,13,2,128,72,0,0,56,0,48,80,128,80,48,80,48,0,0,3,0,0
-1,2,4,0,0,0,0,0,0,0,0,0,0,0,0,0,0,0,6,1,0
1,17,2,272,32,0,208,0,0,72,200,272,200,72,200,72,0,0,4,1,0
0,15,2,0,0,0,0,0,0,0,0,0,0,0,0,0,0,0,6,1,0
1,14,3,0,0,0,0,0,0,0,0,0,0,0,0,0,0,0,5,0,1
0,12,1,0,0,0,0,0,0,0,0,0,0,0,0,0,0,0,1,1,1
1,18,2,0,0,0,0,0,0,0,0,0,0,0,0,0,0,0,4,0,0
1,18,3,0,0,0,0,0,0,0,0,0,0,0,0,0,0,0,3,0,0
1,15,4,8,0,0,0,0,0,0,8,8,8,0,8,0,0,0,5,0,0
1,18,4,528,72,64,72,0,0,184,344,528,344,184,344,184,0,0,4,0,0
1,16,3,1784,280,208,264,264,1,480,1304,1784,1304,480,1296,480,0,1,5,0,0
1,13,2,0,0,0,0,0,0,0,0,0,0,0,0,0,0,0,5,1,1
-1,2,1,0,0,0,0,0,0,0,0,0,0,0,0,0,0,0,2,1,0
1,14,3,0,0,0,0,0,0,0,0,0,0,0,0,0,0,0,6,1,0
1,14,2,0,0,0,0,0,0,0,0,0,0,0,0,0,0,0,6,1,1
-1,8,4,496,0,0,104,104,1,152,344,496,344,152,344,152,0,1,5,1,0
1,15,4,0,0,0,0,0,0,0,0,0,0,0,0,0,0,0,6,0,1
1,14,4,320,64,32,192,0,0,112,208,320,208,112,208,112,0,0,5,1,1
1,14,2,24,0,0,8,8,0,0,24,24,24,0,24,0,0,0,2,1,0
0,12,2,0,0,0,0,0,0,0,0,0,0,0,0,0,0,0,4,0,0
0,11,1,720,352,0,0,48,1,256,464,720,464,256,464,256,0,1,5,1,0
1,15,2,0,0,0,0,0,0,0,0,0,0,0,0,0,0,0,3,1,0
1,13,1,344,232,0,8,0,1,120,224,344,224,120,224,120,0,1,5,1,0
0,0,1,0,0,0,0,0,0,0,0,0,0,0,0,0,0,0,6,0,0
0,8,3,0,0,0,0,0,0,0,0,0,0,0,0,0,0,0,5,0,0
1,16,3,0,0,0,0,0,0,0,0,0,0,0,0,0,0,0,3,1,0
0,11,3,0,0,0,0,0,0,0,0,0,0,0,0,0,0,0,3,0,1
1,12,2,0,0,0,0,0,0,0,0,0,0,0,0,0,0,0,5,0,0
1,17,3,306,0,0,0,0,0,54,252,306,252,54,252,54,0,0,6,0,0
1,13,2,232,40,0,0,0,0,128,104,232,104,128,104,128,0,0,3,1,1
1,0,0,0,0,0,0,0,0,0,0,0,0,0,0,0,0,0,2,0,0
1,17,3,549,162,225,18,9,0,171,378,549,378,171,333,171,1,0,6,0,0
0,13,2,392,288,0,32,0,1,96,296,392,296,96,296,96,0,1,6,0,0
0,16,1,0,0,0,0,0,0,0,0,0,0,0,0,0,0,0,6,0,0
1,12,4,0,0,0,0,0,0,0,0,0,0,0,0,0,0,0,6,0,0
1,17,3,536,72,0,320,0,0,176,360,536,360,176,360,176,0,0,5,0,1
-1,5,1,0,0,0,0,0,0,0,0,0,0,0,0,0,0,0,1,0,0
1,20,1,320,0,0,0,88,0,128,192,320,192,128,192,128,0,0,2,1,1
-1,7,1,0,0,0,0,0,0,0,0,0,0,0,0,0,0,0,1,0,0
1,13,2,32,0,0,0,0,0,8,24,32,24,8,24,8,0,0,4,1,1
1,16,3,0,0,0,0,0,0,0,0,0,0,0,0,0,0,0,3,1,0
1,12,1,0,0,0,0,0,0,0,0,0,0,0,0,0,0,0,2,0,0
1,18,4,0,0,0,0,0,0,0,0,0,0,0,0,0,0,0,6,0,0
1,11,3,63,0,0,0,63,1,9,54,63,54,9,54,9,0,1,6,0,0
1,19,1,0,0,0,0,0,0,0,0,0,0,0,0,0,0,0,6,1,0
0,13,3,1592,480,88,440,200,1,408,1184,1592,1184,408,1184,408,0,1,4,0,0
1,16,2,56,0,0,0,56,0,16,40,56,40,16,40,16,0,0,4,0,1
1,15,4,40,0,0,40,0,0,8,32,40,32,8,32,8,0,0,5,0,0
0,12,3,0,0,0,0,0,0,0,0,0,0,0,0,0,0,0,3,1,1
1,19,4,2200,280,280,376,760,0,808,1392,2200,1392,808,1392,808,0,0,4,0,0
0,0,0,119,0,0,0,0,0,17,102,119,102,17,102,17,0,0,2,0,0
1,15,2,0,0,0,0,0,0,0,0,0,0,0,0,0,0,0,6,1,0
0,9,1,0,0,0,0,0,0,0,0,0,0,0,0,0,0,0,1,0,0
0,11,1,0,0,0,0,0,0,0,0,0,0,0,0,0,0,0,2,1,0
1,16,2,104,0,0,64,0,0,24,80,104,80,24,80,24,0,0,5,0,1
1,16,1,0,0,0,0,0,0,0,0,0,0,0,0,0,0,0,1,0,0
1,0,0,0,0,0,0,0,0,0,0,0,0,0,0,0,0,0,2,1,0
0,11,3,0,0,0,0,0,0,0,0,0,0,0,0,0,0,0,4,0,0
1,13,1,304,32,0,64,64,0,104,200,304,200,104,200,104,0,0,4,0,1
1,14,3,56,32,24,0,0,0,16,40,56,40,16,40,16,0,0,3,1,0
-1,6,2,0,0,0,0,0,0,0,0,0,0,0,0,0,0,0,6,0,0
0,6,1,0,0,0,0,0,0,0,0,0,0,0,0,0,0,0,3,0,0
1,16,3,328,80,0,56,8,0,48,280,328,280,48,280,48,0,0,5,0,0
1,13,1,0,0,0,0,0,0,0,0,0,0,0,0,0,0,0,2,1,1
1,13,3,0,0,0,0,0,0,0,0,0,0,0,0,0,0,0,4,0,0
-1,2,2,0,0,0,0,0,0,0,0,0,0,0,0,0,0,0,3,0,1
1,20,1,184,0,0,88,72,0,40,144,184,144,40,144,40,0,0,6,0,0
1,18,2,48,48,0,0,0,0,8,32,48,32,8,32,16,0,0,3,0,0
0,10,3,408,0,0,32,72,0,120,288,408,288,120,288,120,0,0,6,0,0
1,16,2,456,96,0,0,360,1,144,312,456,312,144,312,144,0,1,2,1,0
1,19,2,208,0,48,56,0,1,88,120,208,120,88,120,88,0,1,2,1,0
0,9,2,0,0,0,0,0,0,0,0,0,0,0,0,0,0,0,3,1,0
1,0,0,8,8,0,0,0,0,0,8,8,8,0,8,0,0,0,3,0,0
0,12,2,0,0,0,0,0,0,0,0,0,0,0,0,0,0,0,5,1,0
-1,7,1,0,0,0,0,0,0,0,0,0,0,0,0,0,0,0,1,0,0
-1,4,1,360,64,0,40,168,0,136,224,360,224,136,224,136,0,0,3,0,0
1,15,3,1552,456,64,96,64,0,488,1064,1552,1064,488,1064,488,0,0,5,0,0
1,11,3,0,0,0,0,0,0,0,0,0,0,0,0,0,0,0,4,0,0
1,18,5,144,0,0,80,64,0,32,112,144,112,32,112,32,1,0,6,0,0
1,16,1,0,0,0,0,0,0,0,0,0,0,0,0,0,0,0,5,0,0
0,10,3,0,0,0,0,0,0,0,0,0,0,0,0,0,1,0,5,0,0
